fips,state,county,restuarants_2011,restuarants_2016,pct_change
01001,AL,Autauga,34,44,29.41176471
01003,AL,Baldwin,121,156,28.92561984
01005,AL,Barbour,19,23,21.05263158
01007,AL,Bibb,6,7,16.66666667
01009,AL,Blount,20,23,15
01011,AL,Bullock,4,3,-25
01013,AL,Butler,17,18,5.882352941
01015,AL,Calhoun,91,95,4.395604396
01017,AL,Chambers,23,29,26.08695652
01019,AL,Cherokee,17,15,-11.76470588
01021,AL,Chilton,21,22,4.761904762
01023,AL,Choctaw,6,6,0
01025,AL,Clarke,24,25,4.166666667
01027,AL,Clay,4,4,0
01029,AL,Cleburne,8,5,-37.5
01031,AL,Coffee,36,40,11.11111111
01033,AL,Colbert,48,53,10.41666667
01035,AL,Conecuh,3,7,133.3333333
01037,AL,Coosa,0,1,
01039,AL,Covington,23,27,17.39130435
01041,AL,Crenshaw,4,8,100
01043,AL,Cullman,52,63,21.15384615
01045,AL,Dale,32,35,9.375
01047,AL,Dallas,20,25,25
01049,AL,DeKalb,39,40,2.564102564
01051,AL,Elmore,32,39,21.875
01053,AL,Escambia,23,28,21.73913044
01055,AL,Etowah,76,85,11.84210526
01057,AL,Fayette,15,13,-13.33333333
01059,AL,Franklin,17,17,0
01061,AL,Geneva,11,10,-9.090909091
01063,AL,Greene,0,2,
01065,AL,Hale,4,10,150
01067,AL,Henry,10,13,30
01069,AL,Houston,91,116,27.47252747
01071,AL,Jackson,30,32,6.666666667
01073,AL,Jefferson,605,709,17.19008265
01075,AL,Lamar,5,6,20
01077,AL,Lauderdale,68,71,4.411764706
01079,AL,Lawrence,18,15,-16.66666667
01081,AL,Lee,107,145,35.51401869
01083,AL,Limestone,40,52,30
01085,AL,Lowndes,1,1,0
01087,AL,Macon,11,9,-18.18181818
01089,AL,Madison,300,333,11
01091,AL,Marengo,14,18,28.57142857
01093,AL,Marion,23,19,-17.39130435
01095,AL,Marshall,70,80,14.28571429
01097,AL,Mobile,257,276,7.392996109
01099,AL,Monroe,10,10,0
01101,AL,Montgomery,175,218,24.57142857
01103,AL,Morgan,97,90,-7.216494845
01105,AL,Perry,2,2,0
01107,AL,Pickens,6,7,16.66666667
01109,AL,Pike,27,34,25.92592593
01111,AL,Randolph,9,10,11.11111111
01113,AL,Russell,43,48,11.62790698
01115,AL,St. Clair,46,55,19.56521739
01117,AL,Shelby,136,162,19.11764706
01119,AL,Sumter,7,8,14.28571429
01121,AL,Talladega,46,50,8.695652174
01123,AL,Tallapoosa,26,23,-11.53846154
01125,AL,Tuscaloosa,157,171,8.917197452
01127,AL,Walker,49,45,-8.163265306
01129,AL,Washington,3,2,-33.33333333
01131,AL,Wilcox,5,3,-40
01133,AL,Winston,12,11,-8.333333333
02013,AK,Aleutians East,1,1,0
02016,AK,Aleutians West,2,0,-100
02020,AK,Anchorage,201,208,3.482587065
02050,AK,Bethel,7,6,-14.28571429
02060,AK,Bristol Bay,0,0,0
02068,AK,Denali,1,3,200
02070,AK,Dillingham,1,1,0
02090,AK,Fairbanks North Star,43,44,2.325581395
02100,AK,Haines,1,1,0
02105,AK,Hoonah-Angoon,0,2,
02110,AK,Juneau,23,28,21.73913044
02122,AK,Kenai Peninsula,33,44,33.33333333
02130,AK,Ketchikan Gateway,7,11,57.14285714
02150,AK,Kodiak Island,5,6,20
02164,AK,Lake and Peninsula,0,0,0
02170,AK,Matanuska-Susitna,37,36,-2.702702703
02180,AK,Nome,3,1,-66.66666667
02185,AK,North Slope,3,3,0
02188,AK,Northwest Arctic,1,3,200
02195,AK,Petersburg,0,3,
02198,AK,Prince of Wales-Hyder,0,3,
02220,AK,Sitka,3,4,33.33333333
02230,AK,Skagway,0,2,
02240,AK,Southeast Fairbanks,5,3,-40
02261,AK,Valdez-Cordova,8,7,-12.5
02270,AK,Wade Hampton,0,0,0
02275,AK,Wrangell,0,1,
02282,AK,Yakutat,0,0,0
02290,AK,Yukon-Koyukuk,0,0,0
04001,AZ,Apache,16,12,-25
04003,AZ,Cochise,69,58,-15.94202899
04005,AZ,Coconino,123,128,4.06504065
04007,AZ,Gila,33,32,-3.03030303
04009,AZ,Graham,20,15,-25
04011,AZ,Greenlee,1,3,200
04012,AZ,La Paz,16,16,0
04013,AZ,Maricopa,2651,3055,15.23953225
04015,AZ,Mohave,111,122,9.90990991
04017,AZ,Navajo,58,62,6.896551724
04019,AZ,Pima,611,666,9.001636661
04021,AZ,Pinal,136,132,-2.941176471
04023,AZ,Santa Cruz,28,24,-14.28571429
04025,AZ,Yavapai,133,139,4.511278195
04027,AZ,Yuma,101,121,19.8019802
05001,AR,Arkansas,16,9,-43.75
05003,AR,Ashley,16,15,-6.25
05005,AR,Baxter,29,31,6.896551724
05007,AR,Benton,147,163,10.88435374
05009,AR,Boone,24,24,0
05011,AR,Bradley,3,5,66.66666667
05013,AR,Calhoun,1,1,0
05015,AR,Carroll,15,15,0
05017,AR,Chicot,6,5,-16.66666667
05019,AR,Clark,18,23,27.77777778
05021,AR,Clay,9,6,-33.33333333
05023,AR,Cleburne,15,18,20
05025,AR,Cleveland,2,2,0
05027,AR,Columbia,15,21,40
05029,AR,Conway,7,10,42.85714286
05031,AR,Craighead,80,84,5
05033,AR,Crawford,30,26,-13.33333333
05035,AR,Crittenden,33,30,-9.090909091
05037,AR,Cross,9,11,22.22222222
05039,AR,Dallas,3,4,33.33333333
05041,AR,Desha,9,10,11.11111111
05043,AR,Drew,13,14,7.692307692
05045,AR,Faulkner,72,84,16.66666667
05047,AR,Franklin,6,5,-16.66666667
05049,AR,Fulton,4,4,0
05051,AR,Garland,78,84,7.692307692
05053,AR,Grant,5,5,0
05055,AR,Greene,27,26,-3.703703704
05057,AR,Hempstead,10,14,40
05059,AR,Hot Spring,16,18,12.5
05061,AR,Howard,8,10,25
05063,AR,Independence,27,24,-11.11111111
05065,AR,Izard,4,4,0
05067,AR,Jackson,6,8,33.33333333
05069,AR,Jefferson,58,58,0
05071,AR,Johnson,14,12,-14.28571429
05073,AR,Lafayette,2,3,50
05075,AR,Lawrence,6,6,0
05077,AR,Lee,3,3,0
05079,AR,Lincoln,1,5,400
05081,AR,Little River,4,6,50
05083,AR,Logan,9,11,22.22222222
05085,AR,Lonoke,39,35,-10.25641026
05087,AR,Madison,3,3,0
05089,AR,Marion,6,7,16.66666667
05091,AR,Miller,25,22,-12
05093,AR,Mississippi,29,29,0
05095,AR,Monroe,4,6,50
05097,AR,Montgomery,2,5,150
05099,AR,Nevada,3,3,0
05101,AR,Newton,2,2,0
05103,AR,Ouachita,11,17,54.54545455
05105,AR,Perry,3,2,-33.33333333
05107,AR,Phillips,11,10,-9.090909091
05109,AR,Pike,3,5,66.66666667
05111,AR,Poinsett,18,15,-16.66666667
05113,AR,Polk,10,7,-30
05115,AR,Pope,51,53,3.921568627
05117,AR,Prairie,4,3,-25
05119,AR,Pulaski,340,365,7.352941176
05121,AR,Randolph,10,10,0
05123,AR,St. Francis,12,13,8.333333333
05125,AR,Saline,57,70,22.80701754
05127,AR,Scott,2,5,150
05129,AR,Searcy,4,4,0
05131,AR,Sebastian,89,103,15.73033708
05133,AR,Sevier,6,7,16.66666667
05135,AR,Sharp,9,9,0
05137,AR,Stone,9,10,11.11111111
05139,AR,Union,24,28,16.66666667
05141,AR,Van Buren,5,6,20
05143,AR,Washington,160,172,7.5
05145,AR,White,50,57,14
05147,AR,Woodruff,3,5,66.66666667
05149,AR,Yell,11,9,-18.18181818
06001,CA,Alameda,1090,1293,18.62385321
06003,CA,Alpine,2,0,-100
06005,CA,Amador,12,21,75
06007,CA,Butte,147,158,7.482993197
06009,CA,Calaveras,26,30,15.38461539
06011,CA,Colusa,16,8,-50
06013,CA,Contra Costa,599,701,17.02838063
06015,CA,Del Norte,15,10,-33.33333333
06017,CA,El Dorado,97,110,13.40206186
06019,CA,Fresno,569,634,11.42355009
06021,CA,Glenn,12,15,25
06023,CA,Humboldt,95,97,2.105263158
06025,CA,Imperial,81,103,27.16049383
06027,CA,Inyo,13,15,15.38461539
06029,CA,Kern,528,603,14.20454546
06031,CA,Kings,90,89,-1.111111111
06033,CA,Lake,30,33,10
06035,CA,Lassen,13,15,15.38461539
06037,CA,Los Angeles,7211,8264,14.60269033
06039,CA,Madera,75,78,4
06041,CA,Marin,171,189,10.52631579
06043,CA,Mariposa,9,8,-11.11111111
06045,CA,Mendocino,52,54,3.846153846
06047,CA,Merced,127,143,12.5984252
06049,CA,Modoc,7,3,-57.14285714
06051,CA,Mono,18,21,16.66666667
06053,CA,Monterey,246,264,7.317073171
06055,CA,Napa,76,82,7.894736842
06057,CA,Nevada,53,65,22.64150943
06059,CA,Orange,2575,3025,17.47572816
06061,CA,Placer,274,334,21.89781022
06063,CA,Plumas,13,9,-30.76923077
06065,CA,Riverside,1331,1541,15.77761082
06067,CA,Sacramento,937,1075,14.72785486
06069,CA,San Benito,26,28,7.692307692
06071,CA,San Bernardino,1346,1526,13.37295691
06073,CA,San Diego,2348,2736,16.52470187
06075,CA,San Francisco,753,958,27.22443559
06077,CA,San Joaquin,401,466,16.20947631
06079,CA,San Luis Obispo,219,234,6.849315068
06081,CA,San Mateo,501,593,18.36327345
06083,CA,Santa Barbara,286,344,20.27972028
06085,CA,Santa Clara,1288,1544,19.8757764
06087,CA,Santa Cruz,171,175,2.339181287
06089,CA,Shasta,133,122,-8.270676692
06091,CA,Sierra,1,1,0
06093,CA,Siskiyou,29,28,-3.448275862
06095,CA,Solano,270,290,7.407407407
06097,CA,Sonoma,273,291,6.593406593
06099,CA,Stanislaus,327,366,11.92660551
06101,CA,Sutter,51,59,15.68627451
06103,CA,Tehama,34,33,-2.941176471
06105,CA,Trinity,12,6,-50
06107,CA,Tulare,215,264,22.79069767
06109,CA,Tuolumne,31,26,-16.12903226
06111,CA,Ventura,553,634,14.64737794
06113,CA,Yolo,138,152,10.14492754
06115,CA,Yuba,31,29,-6.451612903
08001,CO,Adams,267,336,25.84269663
08003,CO,Alamosa,13,16,23.07692308
08005,CO,Arapahoe,448,506,12.94642857
08007,CO,Archuleta,8,9,12.5
08009,CO,Baca,1,0,-100
08011,CO,Bent,1,1,0
08013,CO,Boulder,255,274,7.450980392
08014,CO,Broomfield,67,74,10.44776119
08015,CO,Chaffee,22,21,-4.545454545
08017,CO,Cheyenne,1,0,-100
08019,CO,Clear Creek,10,12,20
08021,CO,Conejos,1,2,100
08023,CO,Costilla,0,0,0
08025,CO,Crowley,0,0,0
08027,CO,Custer,3,2,-33.33333333
08029,CO,Delta,12,16,33.33333333
08031,CO,Denver,540,632,17.03703704
08033,CO,Dolores,0,0,0
08035,CO,Douglas,195,218,11.7948718
08037,CO,Eagle,43,48,11.62790698
08039,CO,Elbert,6,5,-16.66666667
08041,CO,El Paso,426,443,3.990610329
08043,CO,Fremont,18,17,-5.555555556
08045,CO,Garfield,40,51,27.5
08047,CO,Gilpin,0,0,0
08049,CO,Grand,16,20,25
08051,CO,Gunnison,10,13,30
08053,CO,Hinsdale,0,0,0
08055,CO,Huerfano,2,4,100
08057,CO,Jackson,0,0,0
08059,CO,Jefferson,377,435,15.38461539
08061,CO,Kiowa,0,1,
08063,CO,Kit Carson,6,6,0
08065,CO,Lake,5,5,0
08067,CO,La Plata,35,48,37.14285714
08069,CO,Larimer,245,271,10.6122449
08071,CO,Las Animas,12,11,-8.333333333
08073,CO,Lincoln,2,3,50
08075,CO,Logan,11,11,0
08077,CO,Mesa,103,91,-11.65048544
08079,CO,Mineral,1,0,-100
08081,CO,Moffat,4,5,25
08083,CO,Montezuma,12,13,8.333333333
08085,CO,Montrose,19,22,15.78947368
08087,CO,Morgan,10,12,20
08089,CO,Otero,12,13,8.333333333
08091,CO,Ouray,8,4,-50
08093,CO,Park,5,5,0
08095,CO,Phillips,2,2,0
08097,CO,Pitkin,25,22,-12
08099,CO,Prowers,10,11,10
08101,CO,Pueblo,111,106,-4.504504505
08103,CO,Rio Blanco,4,5,25
08105,CO,Rio Grande,4,5,25
08107,CO,Routt,22,26,18.18181818
08109,CO,Saguache,0,0,0
08111,CO,San Juan,4,4,0
08113,CO,San Miguel,17,13,-23.52941177
08115,CO,Sedgwick,1,1,0
08117,CO,Summit,44,47,6.818181818
08119,CO,Teller,13,16,23.07692308
08121,CO,Washington,2,2,0
08123,CO,Weld,128,160,25
08125,CO,Yuma,3,2,-33.33333333
09001,CT,Fairfield,573,724,26.35253054
09003,CT,Hartford,537,598,11.3594041
09005,CT,Litchfield,74,103,39.18918919
09007,CT,Middlesex,88,105,19.31818182
09009,CT,New Haven,573,675,17.80104712
09011,CT,New London,169,202,19.52662722
09013,CT,Tolland,54,64,18.51851852
09015,CT,Windham,59,64,8.474576271
10001,DE,Kent,85,92,8.235294118
10003,DE,New Castle,378,411,8.73015873
10005,DE,Sussex,157,162,3.184713376
11001,DC,District of Columbia,771,877,13.74837873
12001,FL,Alachua,197,197,0
12003,FL,Baker,12,15,25
12005,FL,Bay,121,152,25.61983471
12007,FL,Bradford,13,14,7.692307692
12009,FL,Brevard,338,375,10.94674556
12011,FL,Broward,1220,1357,11.2295082
12013,FL,Calhoun,8,7,-12.5
12015,FL,Charlotte,76,77,1.315789474
12017,FL,Citrus,52,58,11.53846154
12019,FL,Clay,124,114,-8.064516129
12021,FL,Collier,170,192,12.94117647
12023,FL,Columbia,37,42,13.51351351
12027,FL,DeSoto,10,11,10
12029,FL,Dixie,4,7,75
12031,FL,Duval,745,781,4.832214765
12033,FL,Escambia,174,188,8.045977011
12035,FL,Flagler,38,49,28.94736842
12037,FL,Franklin,6,4,-33.33333333
12039,FL,Gadsden,19,21,10.52631579
12041,FL,Gilchrist,2,7,250
12043,FL,Glades,3,3,0
12045,FL,Gulf,10,8,-20
12047,FL,Hamilton,6,7,16.66666667
12049,FL,Hardee,9,8,-11.11111111
12051,FL,Hendry,21,21,0
12053,FL,Hernando,67,86,28.35820896
12055,FL,Highlands,50,44,-12
12057,FL,Hillsborough,793,856,7.944514502
12059,FL,Holmes,4,4,0
12061,FL,Indian River,86,93,8.139534884
12063,FL,Jackson,30,28,-6.666666667
12065,FL,Jefferson,7,6,-14.28571429
12067,FL,Lafayette,2,2,0
12069,FL,Lake,122,152,24.59016393
12071,FL,Lee,313,400,27.79552716
12073,FL,Leon,227,254,11.89427313
12075,FL,Levy,18,17,-5.555555556
12077,FL,Liberty,0,0,0
12079,FL,Madison,7,11,57.14285714
12081,FL,Manatee,161,182,13.04347826
12083,FL,Marion,145,170,17.24137931
12085,FL,Martin,99,107,8.080808081
12086,FL,Miami-Dade,1568,1690,7.780612245
12087,FL,Monroe,61,67,9.836065574
12089,FL,Nassau,47,60,27.65957447
12091,FL,Okaloosa,153,172,12.41830065
12093,FL,Okeechobee,17,14,-17.64705882
12095,FL,Orange,893,1030,15.34154535
12097,FL,Osceola,156,192,23.07692308
12099,FL,Palm Beach,822,937,13.99026764
12101,FL,Pasco,185,204,10.27027027
12103,FL,Pinellas,591,655,10.82910322
12105,FL,Polk,241,308,27.80082988
12107,FL,Putnam,34,29,-14.70588235
12109,FL,St. Johns,112,149,33.03571429
12111,FL,St. Lucie,119,138,15.96638656
12113,FL,Santa Rosa,76,88,15.78947368
12115,FL,Sarasota,194,185,-4.639175258
12117,FL,Seminole,282,320,13.47517731
12119,FL,Sumter,29,25,-13.79310345
12121,FL,Suwannee,15,25,66.66666667
12123,FL,Taylor,9,12,33.33333333
12125,FL,Union,2,3,50
12127,FL,Volusia,258,292,13.17829457
12129,FL,Wakulla,11,11,0
12131,FL,Walton,36,46,27.77777778
12133,FL,Washington,14,14,0
13001,GA,Appling,15,15,0
13003,GA,Atkinson,3,5,66.66666667
13005,GA,Bacon,8,7,-12.5
13007,GA,Baker,0,0,0
13009,GA,Baldwin,28,41,46.42857143
13011,GA,Banks,14,11,-21.42857143
13013,GA,Barrow,36,37,2.777777778
13015,GA,Bartow,55,63,14.54545455
13017,GA,Ben Hill,16,9,-43.75
13019,GA,Berrien,10,9,-10
13021,GA,Bibb,182,185,1.648351648
13023,GA,Bleckley,5,5,0
13025,GA,Brantley,3,7,133.3333333
13027,GA,Brooks,4,9,125
13029,GA,Bryan,21,30,42.85714286
13031,GA,Bulloch,47,58,23.40425532
13033,GA,Burke,6,10,66.66666667
13035,GA,Butts,11,13,18.18181818
13037,GA,Calhoun,1,2,100
13039,GA,Camden,33,38,15.15151515
13043,GA,Candler,9,10,11.11111111
13045,GA,Carroll,87,85,-2.298850575
13047,GA,Catoosa,41,51,24.3902439
13049,GA,Charlton,6,7,16.66666667
13051,GA,Chatham,248,315,27.01612903
13053,GA,Chattahoochee,1,2,100
13055,GA,Chattooga,12,12,0
13057,GA,Cherokee,122,156,27.86885246
13059,GA,Clarke,108,114,5.555555556
13061,GA,Clay,0,1,
13063,GA,Clayton,177,194,9.604519774
13065,GA,Clinch,4,4,0
13067,GA,Cobb,537,640,19.18063315
13069,GA,Coffee,21,28,33.33333333
13071,GA,Colquitt,26,29,11.53846154
13073,GA,Columbia,62,89,43.5483871
13075,GA,Cook,14,14,0
13077,GA,Coweta,64,76,18.75
13079,GA,Crawford,2,3,50
13081,GA,Crisp,19,19,0
13083,GA,Dade,9,9,0
13085,GA,Dawson,18,17,-5.555555556
13087,GA,Decatur,18,22,22.22222222
13089,GA,DeKalb,552,596,7.971014493
13091,GA,Dodge,12,12,0
13093,GA,Dooly,7,6,-14.28571429
13095,GA,Dougherty,86,92,6.976744186
13097,GA,Douglas,81,95,17.28395062
13099,GA,Early,7,7,0
13101,GA,Echols,0,0,0
13103,GA,Effingham,26,27,3.846153846
13105,GA,Elbert,10,12,20
13107,GA,Emanuel,13,16,23.07692308
13109,GA,Evans,5,6,20
13111,GA,Fannin,17,21,23.52941177
13113,GA,Fayette,73,102,39.7260274
13115,GA,Floyd,68,71,4.411764706
13117,GA,Forsyth,120,144,20
13119,GA,Franklin,10,19,90
13121,GA,Fulton,984,1124,14.22764228
13123,GA,Gilmer,22,23,4.545454545
13125,GA,Glascock,0,0,0
13127,GA,Glynn,79,89,12.65822785
13129,GA,Gordon,38,39,2.631578947
13131,GA,Grady,16,18,12.5
13133,GA,Greene,9,6,-33.33333333
13135,GA,Gwinnett,649,742,14.32973806
13137,GA,Habersham,30,31,3.333333333
13139,GA,Hall,114,118,3.50877193
13141,GA,Hancock,6,5,-16.66666667
13143,GA,Haralson,13,22,69.23076923
13145,GA,Harris,8,7,-12.5
13147,GA,Hart,10,13,30
13149,GA,Heard,3,5,66.66666667
13151,GA,Henry,146,162,10.95890411
13153,GA,Houston,110,135,22.72727273
13155,GA,Irwin,0,3,
13157,GA,Jackson,27,35,29.62962963
13159,GA,Jasper,4,3,-25
13161,GA,Jeff Davis,6,8,33.33333333
13163,GA,Jefferson,11,11,0
13165,GA,Jenkins,5,7,40
13167,GA,Johnson,5,5,0
13169,GA,Jones,7,5,-28.57142857
13171,GA,Lamar,8,10,25
13173,GA,Lanier,4,5,25
13175,GA,Laurens,46,45,-2.173913043
13177,GA,Lee,10,11,10
13179,GA,Liberty,47,50,6.382978723
13181,GA,Lincoln,3,3,0
13183,GA,Long,3,3,0
13185,GA,Lowndes,91,106,16.48351648
13187,GA,Lumpkin,17,20,17.64705882
13189,GA,McDuffie,14,19,35.71428571
13191,GA,McIntosh,8,10,25
13193,GA,Macon,7,8,14.28571429
13195,GA,Madison,12,10,-16.66666667
13197,GA,Marion,3,4,33.33333333
13199,GA,Meriwether,9,10,11.11111111
13201,GA,Miller,3,1,-66.66666667
13205,GA,Mitchell,16,14,-12.5
13207,GA,Monroe,11,17,54.54545455
13209,GA,Montgomery,6,4,-33.33333333
13211,GA,Morgan,12,21,75
13213,GA,Murray,25,25,0
13215,GA,Muscogee,169,207,22.4852071
13217,GA,Newton,51,62,21.56862745
13219,GA,Oconee,24,36,50
13221,GA,Oglethorpe,2,3,50
13223,GA,Paulding,64,64,0
13225,GA,Peach,16,23,43.75
13227,GA,Pickens,11,19,72.72727273
13229,GA,Pierce,12,16,33.33333333
13231,GA,Pike,4,5,25
13233,GA,Polk,31,27,-12.90322581
13235,GA,Pulaski,12,10,-16.66666667
13237,GA,Putnam,7,7,0
13239,GA,Quitman,0,1,
13241,GA,Rabun,16,20,25
13243,GA,Randolph,3,5,66.66666667
13245,GA,Richmond,143,172,20.27972028
13247,GA,Rockdale,67,78,16.41791045
13249,GA,Schley,3,2,-33.33333333
13251,GA,Screven,7,7,0
13253,GA,Seminole,6,4,-33.33333333
13255,GA,Spalding,45,52,15.55555556
13257,GA,Stephens,13,15,15.38461539
13259,GA,Stewart,1,0,-100
13261,GA,Sumter,15,22,46.66666667
13263,GA,Talbot,1,1,0
13265,GA,Taliaferro,0,0,0
13267,GA,Tattnall,6,7,16.66666667
13269,GA,Taylor,4,5,25
13271,GA,Telfair,8,7,-12.5
13273,GA,Terrell,5,5,0
13275,GA,Thomas,29,39,34.48275862
13277,GA,Tift,37,43,16.21621622
13279,GA,Toombs,26,28,7.692307692
13281,GA,Towns,6,8,33.33333333
13283,GA,Treutlen,1,2,100
13285,GA,Troup,51,56,9.803921569
13287,GA,Turner,8,8,0
13289,GA,Twiggs,0,2,
13291,GA,Union,12,20,66.66666667
13293,GA,Upson,16,17,6.25
13295,GA,Walker,23,22,-4.347826087
13297,GA,Walton,42,52,23.80952381
13299,GA,Ware,27,29,7.407407407
13301,GA,Warren,2,0,-100
13303,GA,Washington,10,15,50
13305,GA,Wayne,20,22,10
13307,GA,Webster,0,0,0
13309,GA,Wheeler,1,1,0
13311,GA,White,18,20,11.11111111
13313,GA,Whitfield,80,80,0
13315,GA,Wilcox,2,1,-50
13317,GA,Wilkes,5,5,0
13319,GA,Wilkinson,2,2,0
13321,GA,Worth,7,7,0
15001,HI,Hawaii,151,145,-3.973509934
15003,HI,Honolulu,910,939,3.186813187
15005,HI,Kalawao,0,0,0
15007,HI,Kauai,70,75,7.142857143
15009,HI,Maui,124,127,2.419354839
16001,ID,Ada,317,320,0.94637224
16003,ID,Adams,1,0,-100
16005,ID,Bannock,63,71,12.6984127
16007,ID,Bear Lake,4,3,-25
16009,ID,Benewah,8,6,-25
16011,ID,Bingham,16,17,6.25
16013,ID,Blaine,19,28,47.36842105
16015,ID,Boise,0,2,
16017,ID,Bonner,23,23,0
16019,ID,Bonneville,65,79,21.53846154
16021,ID,Boundary,6,6,0
16023,ID,Butte,3,1,-66.66666667
16025,ID,Camas,2,2,0
16027,ID,Canyon,99,109,10.1010101
16029,ID,Caribou,3,2,-33.33333333
16031,ID,Cassia,21,22,4.761904762
16033,ID,Clark,0,0,0
16035,ID,Clearwater,2,4,100
16037,ID,Custer,5,4,-20
16039,ID,Elmore,13,12,-7.692307692
16041,ID,Franklin,6,6,0
16043,ID,Fremont,5,5,0
16045,ID,Gem,12,10,-16.66666667
16047,ID,Gooding,5,7,40
16049,ID,Idaho,4,5,25
16051,ID,Jefferson,9,12,33.33333333
16053,ID,Jerome,7,10,42.85714286
16055,ID,Kootenai,108,108,0
16057,ID,Latah,26,30,15.38461539
16059,ID,Lemhi,5,3,-40
16061,ID,Lewis,2,2,0
16063,ID,Lincoln,1,0,-100
16065,ID,Madison,22,29,31.81818182
16067,ID,Minidoka,7,5,-28.57142857
16069,ID,Nez Perce,27,29,7.407407407
16071,ID,Oneida,4,4,0
16073,ID,Owyhee,8,6,-25
16075,ID,Payette,7,9,28.57142857
16077,ID,Power,1,4,300
16079,ID,Shoshone,7,5,-28.57142857
16081,ID,Teton,6,4,-33.33333333
16083,ID,Twin Falls,56,66,17.85714286
16085,ID,Valley,12,6,-50
16087,ID,Washington,4,7,75
17001,IL,Adams,31,34,9.677419355
17003,IL,Alexander,0,1,
17005,IL,Bond,7,9,28.57142857
17007,IL,Boone,26,27,3.846153846
17009,IL,Brown,2,4,100
17011,IL,Bureau,9,12,33.33333333
17013,IL,Calhoun,1,1,0
17015,IL,Carroll,11,11,0
17017,IL,Cass,7,7,0
17019,IL,Champaign,158,184,16.4556962
17021,IL,Christian,17,16,-5.882352941
17023,IL,Clark,11,13,18.18181818
17025,IL,Clay,8,9,12.5
17027,IL,Clinton,21,17,-19.04761905
17029,IL,Coles,42,44,4.761904762
17031,IL,Cook,4106,4642,13.05406722
17033,IL,Crawford,9,14,55.55555556
17035,IL,Cumberland,3,3,0
17037,IL,DeKalb,74,81,9.459459459
17039,IL,De Witt,9,11,22.22222222
17041,IL,Douglas,15,18,20
17043,IL,DuPage,838,875,4.415274463
17045,IL,Edgar,10,12,20
17047,IL,Edwards,7,4,-42.85714286
17049,IL,Effingham,35,41,17.14285714
17051,IL,Fayette,9,11,22.22222222
17053,IL,Ford,10,8,-20
17055,IL,Franklin,23,23,0
17057,IL,Fulton,19,20,5.263157895
17059,IL,Gallatin,0,0,0
17061,IL,Greene,5,6,20
17063,IL,Grundy,33,41,24.24242424
17065,IL,Hamilton,6,3,-50
17067,IL,Hancock,8,10,25
17069,IL,Hardin,0,0,0
17071,IL,Henderson,1,3,200
17073,IL,Henry,25,23,-8
17075,IL,Iroquois,23,17,-26.08695652
17077,IL,Jackson,36,44,22.22222222
17079,IL,Jasper,5,6,20
17081,IL,Jefferson,23,31,34.7826087
17083,IL,Jersey,11,14,27.27272727
17085,IL,Jo Daviess,12,11,-8.333333333
17087,IL,Johnson,6,4,-33.33333333
17089,IL,Kane,321,333,3.738317757
17091,IL,Kankakee,75,78,4
17093,IL,Kendall,60,76,26.66666667
17095,IL,Knox,36,38,5.555555556
17097,IL,Lake,530,567,6.981132075
17099,IL,LaSalle,67,73,8.955223881
17101,IL,Lawrence,6,5,-16.66666667
17103,IL,Lee,18,14,-22.22222222
17105,IL,Livingston,21,22,4.761904762
17107,IL,Logan,16,14,-12.5
17109,IL,McDonough,28,23,-17.85714286
17111,IL,McHenry,198,231,16.66666667
17113,IL,McLean,111,140,26.12612613
17115,IL,Macon,61,68,11.47540984
17117,IL,Macoupin,22,22,0
17119,IL,Madison,182,180,-1.098901099
17121,IL,Marion,26,26,0
17123,IL,Marshall,5,6,20
17125,IL,Mason,10,8,-20
17127,IL,Massac,7,6,-14.28571429
17129,IL,Menard,2,3,50
17131,IL,Mercer,6,4,-33.33333333
17133,IL,Monroe,17,20,17.64705882
17135,IL,Montgomery,19,22,15.78947368
17137,IL,Morgan,23,22,-4.347826087
17139,IL,Moultrie,3,3,0
17141,IL,Ogle,29,32,10.34482759
17143,IL,Peoria,116,134,15.51724138
17145,IL,Perry,5,11,120
17147,IL,Piatt,5,6,20
17149,IL,Pike,7,6,-14.28571429
17151,IL,Pope,0,0,0
17153,IL,Pulaski,2,1,-50
17155,IL,Putnam,0,0,0
17157,IL,Randolph,18,18,0
17159,IL,Richland,14,13,-7.142857143
17161,IL,Rock Island,109,111,1.834862385
17163,IL,St. Clair,169,196,15.97633136
17165,IL,Saline,17,20,17.64705882
17167,IL,Sangamon,159,171,7.547169811
17169,IL,Schuyler,3,3,0
17171,IL,Scott,2,1,-50
17173,IL,Shelby,6,7,16.66666667
17175,IL,Stark,0,0,0
17177,IL,Stephenson,29,23,-20.68965517
17179,IL,Tazewell,86,107,24.41860465
17181,IL,Union,11,16,45.45454546
17183,IL,Vermilion,44,46,4.545454545
17185,IL,Wabash,9,9,0
17187,IL,Warren,7,8,14.28571429
17189,IL,Washington,7,9,28.57142857
17191,IL,Wayne,7,6,-14.28571429
17193,IL,White,9,9,0
17195,IL,Whiteside,31,33,6.451612903
17197,IL,Will,441,501,13.60544218
17199,IL,Williamson,42,48,14.28571429
17201,IL,Winnebago,195,213,9.230769231
17203,IL,Woodford,17,18,5.882352941
18001,IN,Adams,16,14,-12.5
18003,IN,Allen,219,250,14.15525114
18005,IN,Bartholomew,60,71,18.33333333
18007,IN,Benton,3,4,33.33333333
18009,IN,Blackford,5,5,0
18011,IN,Boone,37,41,10.81081081
18013,IN,Brown,3,5,66.66666667
18015,IN,Carroll,13,12,-7.692307692
18017,IN,Cass,29,31,6.896551724
18019,IN,Clark,80,85,6.25
18021,IN,Clay,18,15,-16.66666667
18023,IN,Clinton,24,23,-4.166666667
18025,IN,Crawford,1,1,0
18027,IN,Daviess,20,18,-10
18029,IN,Dearborn,21,25,19.04761905
18031,IN,Decatur,21,20,-4.761904762
18033,IN,DeKalb,20,28,40
18035,IN,Delaware,76,83,9.210526316
18037,IN,Dubois,34,36,5.882352941
18039,IN,Elkhart,123,145,17.88617886
18041,IN,Fayette,22,23,4.545454545
18043,IN,Floyd,60,72,20
18045,IN,Fountain,11,7,-36.36363636
18047,IN,Franklin,14,14,0
18049,IN,Fulton,14,14,0
18051,IN,Gibson,27,23,-14.81481482
18053,IN,Grant,49,50,2.040816327
18055,IN,Greene,21,16,-23.80952381
18057,IN,Hamilton,187,247,32.0855615
18059,IN,Hancock,37,43,16.21621622
18061,IN,Harrison,21,16,-23.80952381
18063,IN,Hendricks,112,127,13.39285714
18065,IN,Henry,26,27,3.846153846
18067,IN,Howard,71,75,5.633802817
18069,IN,Huntington,22,30,36.36363636
18071,IN,Jackson,33,34,3.03030303
18073,IN,Jasper,24,23,-4.166666667
18075,IN,Jay,9,9,0
18077,IN,Jefferson,21,20,-4.761904762
18079,IN,Jennings,11,11,0
18081,IN,Johnson,128,134,4.6875
18083,IN,Knox,27,28,3.703703704
18085,IN,Kosciusko,47,60,27.65957447
18087,IN,LaGrange,8,11,37.5
18089,IN,Lake,368,409,11.14130435
18091,IN,LaPorte,78,72,-7.692307692
18093,IN,Lawrence,25,21,-16
18095,IN,Madison,71,77,8.450704225
18097,IN,Marion,776,832,7.216494845
18099,IN,Marshall,41,39,-4.87804878
18101,IN,Martin,11,10,-9.090909091
18103,IN,Miami,21,21,0
18105,IN,Monroe,96,107,11.45833333
18107,IN,Montgomery,24,29,20.83333333
18109,IN,Morgan,33,35,6.060606061
18111,IN,Newton,8,10,25
18113,IN,Noble,28,24,-14.28571429
18115,IN,Ohio,2,2,0
18117,IN,Orange,10,12,20
18119,IN,Owen,8,6,-25
18121,IN,Parke,3,5,66.66666667
18123,IN,Perry,12,12,0
18125,IN,Pike,7,3,-57.14285714
18127,IN,Porter,104,114,9.615384615
18129,IN,Posey,7,6,-14.28571429
18131,IN,Pulaski,10,7,-30
18133,IN,Putnam,22,21,-4.545454545
18135,IN,Randolph,7,9,28.57142857
18137,IN,Ripley,13,17,30.76923077
18139,IN,Rush,9,9,0
18141,IN,St. Joseph,173,206,19.07514451
18143,IN,Scott,18,20,11.11111111
18145,IN,Shelby,23,26,13.04347826
18147,IN,Spencer,7,9,28.57142857
18149,IN,Starke,9,7,-22.22222222
18151,IN,Steuben,24,19,-20.83333333
18153,IN,Sullivan,13,11,-15.38461539
18155,IN,Switzerland,4,4,0
18157,IN,Tippecanoe,120,140,16.66666667
18159,IN,Tipton,8,10,25
18161,IN,Union,6,4,-33.33333333
18163,IN,Vanderburgh,154,163,5.844155844
18165,IN,Vermillion,9,7,-22.22222222
18167,IN,Vigo,90,89,-1.111111111
18169,IN,Wabash,24,27,12.5
18171,IN,Warren,0,0,0
18173,IN,Warrick,22,30,36.36363636
18175,IN,Washington,11,11,0
18177,IN,Wayne,49,45,-8.163265306
18179,IN,Wells,17,12,-29.41176471
18181,IN,White,20,17,-15
18183,IN,Whitley,18,20,11.11111111
19001,IA,Adair,3,3,0
19003,IA,Adams,3,2,-33.33333333
19005,IA,Allamakee,5,4,-20
19007,IA,Appanoose,10,9,-10
19009,IA,Audubon,0,2,
19011,IA,Benton,5,6,20
19013,IA,Black Hawk,80,84,5
19015,IA,Boone,8,8,0
19017,IA,Bremer,10,10,0
19019,IA,Buchanan,8,7,-12.5
19021,IA,Buena Vista,10,8,-20
19023,IA,Butler,1,3,200
19025,IA,Calhoun,6,4,-33.33333333
19027,IA,Carroll,16,14,-12.5
19029,IA,Cass,9,8,-11.11111111
19031,IA,Cedar,8,7,-12.5
19033,IA,Cerro Gordo,40,38,-5
19035,IA,Cherokee,7,9,28.57142857
19037,IA,Chickasaw,3,5,66.66666667
19039,IA,Clarke,6,5,-16.66666667
19041,IA,Clay,21,20,-4.761904762
19043,IA,Clayton,10,9,-10
19045,IA,Clinton,27,26,-3.703703704
19047,IA,Crawford,6,9,50
19049,IA,Dallas,36,48,33.33333333
19051,IA,Davis,3,3,0
19053,IA,Decatur,3,4,33.33333333
19055,IA,Delaware,6,6,0
19057,IA,Des Moines,30,34,13.33333333
19059,IA,Dickinson,14,20,42.85714286
19061,IA,Dubuque,66,70,6.060606061
19063,IA,Emmet,5,6,20
19065,IA,Fayette,7,7,0
19067,IA,Floyd,7,6,-14.28571429
19069,IA,Franklin,3,5,66.66666667
19071,IA,Fremont,3,4,33.33333333
19073,IA,Greene,3,5,66.66666667
19075,IA,Grundy,2,1,-50
19077,IA,Guthrie,8,6,-25
19079,IA,Hamilton,5,3,-40
19081,IA,Hancock,4,4,0
19083,IA,Hardin,3,8,166.6666667
19085,IA,Harrison,10,8,-20
19087,IA,Henry,10,9,-10
19089,IA,Howard,2,3,50
19091,IA,Humboldt,7,4,-42.85714286
19093,IA,Ida,3,2,-33.33333333
19095,IA,Iowa,7,6,-14.28571429
19097,IA,Jackson,7,6,-14.28571429
19099,IA,Jasper,22,17,-22.72727273
19101,IA,Jefferson,10,13,30
19103,IA,Johnson,92,110,19.56521739
19105,IA,Jones,7,5,-28.57142857
19107,IA,Keokuk,3,3,0
19109,IA,Kossuth,7,9,28.57142857
19111,IA,Lee,19,21,10.52631579
19113,IA,Linn,157,166,5.732484076
19115,IA,Louisa,4,3,-25
19117,IA,Lucas,3,3,0
19119,IA,Lyon,3,4,33.33333333
19121,IA,Madison,5,3,-40
19123,IA,Mahaska,11,9,-18.18181818
19125,IA,Marion,20,19,-5
19127,IA,Marshall,21,22,4.761904762
19129,IA,Mills,2,4,100
19131,IA,Mitchell,4,4,0
19133,IA,Monona,6,6,0
19135,IA,Monroe,3,3,0
19137,IA,Montgomery,9,6,-33.33333333
19139,IA,Muscatine,30,34,13.33333333
19141,IA,O'Brien,10,11,10
19143,IA,Osceola,2,2,0
19145,IA,Page,7,7,0
19147,IA,Palo Alto,7,7,0
19149,IA,Plymouth,13,16,23.07692308
19151,IA,Pocahontas,2,3,50
19153,IA,Polk,323,368,13.93188855
19155,IA,Pottawattamie,67,70,4.47761194
19157,IA,Poweshiek,10,11,10
19159,IA,Ringgold,1,3,200
19161,IA,Sac,3,1,-66.66666667
19163,IA,Scott,143,135,-5.594405594
19165,IA,Shelby,7,7,0
19167,IA,Sioux,25,22,-12
19169,IA,Story,68,72,5.882352941
19171,IA,Tama,7,4,-42.85714286
19173,IA,Taylor,1,0,-100
19175,IA,Union,9,6,-33.33333333
19177,IA,Van Buren,2,2,0
19179,IA,Wapello,23,26,13.04347826
19181,IA,Warren,19,19,0
19183,IA,Washington,7,8,14.28571429
19185,IA,Wayne,2,0,-100
19187,IA,Webster,24,26,8.333333333
19189,IA,Winnebago,5,5,0
19191,IA,Winneshiek,7,10,42.85714286
19193,IA,Woodbury,90,96,6.666666667
19195,IA,Worth,3,2,-33.33333333
19197,IA,Wright,7,9,28.57142857
20001,KS,Allen,8,6,-25
20003,KS,Anderson,3,3,0
20005,KS,Atchison,11,8,-27.27272727
20007,KS,Barber,4,4,0
20009,KS,Barton,14,17,21.42857143
20011,KS,Bourbon,12,11,-8.333333333
20013,KS,Brown,6,5,-16.66666667
20015,KS,Butler,40,52,30
20017,KS,Chase,0,2,
20019,KS,Chautauqua,0,0,0
20021,KS,Cherokee,11,14,27.27272727
20023,KS,Cheyenne,0,1,
20025,KS,Clark,1,1,0
20027,KS,Clay,3,6,100
20029,KS,Cloud,6,6,0
20031,KS,Coffey,8,7,-12.5
20033,KS,Comanche,0,0,0
20035,KS,Cowley,14,17,21.42857143
20037,KS,Crawford,18,16,-11.11111111
20039,KS,Decatur,1,1,0
20041,KS,Dickinson,11,9,-18.18181818
20043,KS,Doniphan,1,1,0
20045,KS,Douglas,97,101,4.12371134
20047,KS,Edwards,0,0,0
20049,KS,Elk,0,1,
20051,KS,Ellis,28,29,3.571428571
20053,KS,Ellsworth,2,2,0
20055,KS,Finney,23,24,4.347826087
20057,KS,Ford,15,20,33.33333333
20059,KS,Franklin,16,14,-12.5
20061,KS,Geary,23,26,13.04347826
20063,KS,Gove,3,3,0
20065,KS,Graham,1,2,100
20067,KS,Grant,4,5,25
20069,KS,Gray,1,1,0
20071,KS,Greeley,2,0,-100
20073,KS,Greenwood,1,2,100
20075,KS,Hamilton,0,1,
20077,KS,Harper,4,1,-75
20079,KS,Harvey,27,24,-11.11111111
20081,KS,Haskell,0,1,
20083,KS,Hodgeman,1,0,-100
20085,KS,Jackson,5,8,60
20087,KS,Jefferson,7,2,-71.42857143
20089,KS,Jewell,0,2,
20091,KS,Johnson,415,413,-0.481927711
20093,KS,Kearny,3,2,-33.33333333
20095,KS,Kingman,4,4,0
20097,KS,Kiowa,0,2,
20099,KS,Labette,8,14,75
20101,KS,Lane,1,1,0
20103,KS,Leavenworth,32,35,9.375
20105,KS,Lincoln,0,0,0
20107,KS,Linn,2,2,0
20109,KS,Logan,0,1,
20111,KS,Lyon,27,22,-18.51851852
20113,KS,McPherson,13,20,53.84615385
20115,KS,Marion,4,5,25
20117,KS,Marshall,5,5,0
20119,KS,Meade,2,2,0
20121,KS,Miami,18,16,-11.11111111
20123,KS,Mitchell,5,4,-20
20125,KS,Montgomery,24,25,4.166666667
20127,KS,Morris,4,5,25
20129,KS,Morton,1,2,100
20131,KS,Nemaha,2,2,0
20133,KS,Neosho,5,6,20
20135,KS,Ness,2,2,0
20137,KS,Norton,3,3,0
20139,KS,Osage,5,4,-20
20141,KS,Osborne,0,2,
20143,KS,Ottawa,1,1,0
20145,KS,Pawnee,4,4,0
20147,KS,Phillips,4,5,25
20149,KS,Pottawatomie,9,16,77.77777778
20151,KS,Pratt,9,10,11.11111111
20153,KS,Rawlins,0,0,0
20155,KS,Reno,54,50,-7.407407407
20157,KS,Republic,2,1,-50
20159,KS,Rice,8,9,12.5
20161,KS,Riley,51,49,-3.921568627
20163,KS,Rooks,4,2,-50
20165,KS,Rush,2,2,0
20167,KS,Russell,4,4,0
20169,KS,Saline,57,52,-8.771929825
20171,KS,Scott,4,4,0
20173,KS,Sedgwick,419,461,10.02386635
20175,KS,Seward,13,10,-23.07692308
20177,KS,Shawnee,142,165,16.1971831
20179,KS,Sheridan,1,1,0
20181,KS,Sherman,7,6,-14.28571429
20183,KS,Smith,1,2,100
20185,KS,Stafford,0,1,
20187,KS,Stanton,1,1,0
20189,KS,Stevens,4,4,0
20191,KS,Sumner,13,12,-7.692307692
20193,KS,Thomas,9,7,-22.22222222
20195,KS,Trego,3,2,-33.33333333
20197,KS,Wabaunsee,2,3,50
20199,KS,Wallace,0,0,0
20201,KS,Washington,0,1,
20203,KS,Wichita,1,1,0
20205,KS,Wilson,5,2,-60
20207,KS,Woodson,1,2,100
20209,KS,Wyandotte,101,111,9.900990099
21001,KY,Adair,8,7,-12.5
21003,KY,Allen,6,7,16.66666667
21005,KY,Anderson,10,15,50
21007,KY,Ballard,1,3,200
21009,KY,Barren,31,34,9.677419355
21011,KY,Bath,5,6,20
21013,KY,Bell,25,24,-4
21015,KY,Boone,113,129,14.15929204
21017,KY,Bourbon,16,14,-12.5
21019,KY,Boyd,54,65,20.37037037
21021,KY,Boyle,21,25,19.04761905
21023,KY,Bracken,2,2,0
21025,KY,Breathitt,4,4,0
21027,KY,Breckinridge,4,5,25
21029,KY,Bullitt,41,37,-9.756097561
21031,KY,Butler,6,6,0
21033,KY,Caldwell,8,14,75
21035,KY,Calloway,32,28,-12.5
21037,KY,Campbell,65,74,13.84615385
21039,KY,Carlisle,1,3,200
21041,KY,Carroll,11,13,18.18181818
21043,KY,Carter,19,18,-5.263157895
21045,KY,Casey,3,3,0
21047,KY,Christian,50,50,0
21049,KY,Clark,30,32,6.666666667
21051,KY,Clay,9,11,22.22222222
21053,KY,Clinton,4,7,75
21055,KY,Crittenden,6,5,-16.66666667
21057,KY,Cumberland,3,3,0
21059,KY,Daviess,76,72,-5.263157895
21061,KY,Edmonson,2,3,50
21063,KY,Elliott,2,2,0
21065,KY,Estill,7,8,14.28571429
21067,KY,Fayette,281,304,8.185053381
21069,KY,Fleming,4,4,0
21071,KY,Floyd,28,28,0
21073,KY,Franklin,40,41,2.5
21075,KY,Fulton,6,4,-33.33333333
21077,KY,Gallatin,3,2,-33.33333333
21079,KY,Garrard,5,4,-20
21081,KY,Grant,16,17,6.25
21083,KY,Graves,19,18,-5.263157895
21085,KY,Grayson,13,16,23.07692308
21087,KY,Green,5,6,20
21089,KY,Greenup,16,23,43.75
21091,KY,Hancock,3,3,0
21093,KY,Hardin,76,71,-6.578947368
21095,KY,Harlan,19,21,10.52631579
21097,KY,Harrison,8,10,25
21099,KY,Hart,6,5,-16.66666667
21101,KY,Henderson,35,32,-8.571428571
21103,KY,Henry,6,6,0
21105,KY,Hickman,1,0,-100
21107,KY,Hopkins,25,32,28
21109,KY,Jackson,4,4,0
21111,KY,Jefferson,653,660,1.071975498
21113,KY,Jessamine,30,35,16.66666667
21115,KY,Johnson,17,19,11.76470588
21117,KY,Kenton,74,95,28.37837838
21119,KY,Knott,4,6,50
21121,KY,Knox,24,22,-8.333333333
21123,KY,Larue,9,7,-22.22222222
21125,KY,Laurel,42,41,-2.380952381
21127,KY,Lawrence,9,9,0
21129,KY,Lee,3,3,0
21131,KY,Leslie,2,3,50
21133,KY,Letcher,16,12,-25
21135,KY,Lewis,2,5,150
21137,KY,Lincoln,9,10,11.11111111
21139,KY,Livingston,4,4,0
21141,KY,Logan,13,14,7.692307692
21143,KY,Lyon,4,3,-25
21145,KY,McCracken,77,72,-6.493506494
21147,KY,McCreary,9,6,-33.33333333
21149,KY,McLean,6,7,16.66666667
21151,KY,Madison,58,65,12.06896552
21153,KY,Magoffin,5,8,60
21155,KY,Marion,11,14,27.27272727
21157,KY,Marshall,22,19,-13.63636364
21159,KY,Martin,7,10,42.85714286
21161,KY,Mason,16,12,-25
21163,KY,Meade,9,11,22.22222222
21165,KY,Menifee,1,1,0
21167,KY,Mercer,16,12,-25
21169,KY,Metcalfe,2,2,0
21171,KY,Monroe,6,8,33.33333333
21173,KY,Montgomery,18,19,5.555555556
21175,KY,Morgan,6,5,-16.66666667
21177,KY,Muhlenberg,21,21,0
21179,KY,Nelson,24,28,16.66666667
21181,KY,Nicholas,0,1,
21183,KY,Ohio,11,13,18.18181818
21185,KY,Oldham,28,33,17.85714286
21187,KY,Owen,6,6,0
21189,KY,Owsley,1,1,0
21191,KY,Pendleton,5,5,0
21193,KY,Perry,22,21,-4.545454545
21195,KY,Pike,47,50,6.382978723
21197,KY,Powell,8,10,25
21199,KY,Pulaski,40,43,7.5
21201,KY,Robertson,0,0,0
21203,KY,Rockcastle,8,11,37.5
21205,KY,Rowan,20,21,5
21207,KY,Russell,11,11,0
21209,KY,Scott,30,36,20
21211,KY,Shelby,27,25,-7.407407407
21213,KY,Simpson,20,19,-5
21215,KY,Spencer,9,10,11.11111111
21217,KY,Taylor,18,20,11.11111111
21219,KY,Todd,5,7,40
21221,KY,Trigg,8,6,-25
21223,KY,Trimble,2,1,-50
21225,KY,Union,7,9,28.57142857
21227,KY,Warren,82,97,18.29268293
21229,KY,Washington,7,9,28.57142857
21231,KY,Wayne,11,12,9.090909091
21233,KY,Webster,5,7,40
21235,KY,Whitley,30,30,0
21237,KY,Wolfe,1,1,0
21239,KY,Woodford,13,16,23.07692308
22001,LA,Acadia,31,32,3.225806452
22003,LA,Allen,9,11,22.22222222
22005,LA,Ascension,65,91,40
22007,LA,Assumption,4,7,75
22009,LA,Avoyelles,22,12,-45.45454546
22011,LA,Beauregard,20,18,-10
22013,LA,Bienville,11,7,-36.36363636
22015,LA,Bossier,93,110,18.27956989
22017,LA,Caddo,195,203,4.102564103
22019,LA,Calcasieu,137,157,14.59854015
22021,LA,Caldwell,4,6,50
22023,LA,Cameron,0,1,
22025,LA,Catahoula,5,3,-40
22027,LA,Claiborne,8,7,-12.5
22029,LA,Concordia,13,15,15.38461539
22031,LA,De Soto,6,10,66.66666667
22033,LA,East Baton Rouge,364,411,12.91208791
22035,LA,East Carroll,5,2,-60
22037,LA,East Feliciana,8,9,12.5
22039,LA,Evangeline,11,11,0
22041,LA,Franklin,10,12,20
22043,LA,Grant,2,1,-50
22045,LA,Iberia,40,42,5
22047,LA,Iberville,12,16,33.33333333
22049,LA,Jackson,10,9,-10
22051,LA,Jefferson,350,391,11.71428571
22053,LA,Jefferson Davis,18,20,11.11111111
22055,LA,Lafayette,202,228,12.87128713
22057,LA,Lafourche,51,52,1.960784314
22059,LA,La Salle,12,11,-8.333333333
22061,LA,Lincoln,32,37,15.625
22063,LA,Livingston,64,75,17.1875
22065,LA,Madison,6,6,0
22067,LA,Morehouse,13,13,0
22069,LA,Natchitoches,19,19,0
22071,LA,Orleans,263,324,23.19391635
22073,LA,Ouachita,120,118,-1.666666667
22075,LA,Plaquemines,17,11,-35.29411765
22077,LA,Pointe Coupee,14,10,-28.57142857
22079,LA,Rapides,97,99,2.06185567
22081,LA,Red River,4,5,25
22083,LA,Richland,10,8,-20
22085,LA,Sabine,8,10,25
22087,LA,St. Bernard,24,33,37.5
22089,LA,St. Charles,29,32,10.34482759
22091,LA,St. Helena,3,1,-66.66666667
22093,LA,St. James,11,11,0
22095,LA,St. John the Baptist,32,33,3.125
22097,LA,St. Landry,39,43,10.25641026
22099,LA,St. Martin,23,25,8.695652174
22101,LA,St. Mary,34,37,8.823529412
22103,LA,St. Tammany,179,190,6.145251397
22105,LA,Tangipahoa,74,81,9.459459459
22107,LA,Tensas,2,1,-50
22109,LA,Terrebonne,75,84,12
22111,LA,Union,8,8,0
22113,LA,Vermilion,18,20,11.11111111
22115,LA,Vernon,24,26,8.333333333
22117,LA,Washington,27,28,3.703703704
22119,LA,Webster,29,30,3.448275862
22121,LA,West Baton Rouge,19,21,10.52631579
22123,LA,West Carroll,6,8,33.33333333
22125,LA,West Feliciana,3,4,33.33333333
22127,LA,Winn,6,7,16.66666667
23001,ME,Androscoggin,69,77,11.5942029
23003,ME,Aroostook,45,42,-6.666666667
23005,ME,Cumberland,237,254,7.172995781
23007,ME,Franklin,18,20,11.11111111
23009,ME,Hancock,39,47,20.51282051
23011,ME,Kennebec,82,87,6.097560976
23013,ME,Knox,26,33,26.92307692
23015,ME,Lincoln,25,26,4
23017,ME,Oxford,26,26,0
23019,ME,Penobscot,96,85,-11.45833333
23021,ME,Piscataquis,6,8,33.33333333
23023,ME,Sagadahoc,21,22,4.761904762
23025,ME,Somerset,27,26,-3.703703704
23027,ME,Waldo,17,21,23.52941177
23029,ME,Washington,15,19,26.66666667
23031,ME,York,157,162,3.184713376
24001,MD,Allegany,58,63,8.620689655
24003,MD,Anne Arundel,455,492,8.131868132
24005,MD,Baltimore,713,743,4.207573633
24009,MD,Calvert,58,59,1.724137931
24011,MD,Caroline,12,15,25
24013,MD,Carroll,102,128,25.49019608
24015,MD,Cecil,59,61,3.389830508
24017,MD,Charles,100,122,22
24019,MD,Dorchester,25,18,-28
24021,MD,Frederick,180,190,5.555555556
24023,MD,Garrett,19,26,36.84210526
24025,MD,Harford,163,176,7.975460123
24027,MD,Howard,236,271,14.83050848
24029,MD,Kent,12,11,-8.333333333
24031,MD,Montgomery,752,811,7.845744681
24033,MD,Prince George's,679,779,14.7275405
24035,MD,Queen Anne's,31,37,19.35483871
24037,MD,St. Mary's,69,76,10.14492754
24039,MD,Somerset,13,10,-23.07692308
24041,MD,Talbot,34,38,11.76470588
24043,MD,Washington,101,113,11.88118812
24045,MD,Wicomico,82,86,4.87804878
24047,MD,Worcester,89,81,-8.988764045
24510,MD,Baltimore,664,694,4.518072289
25001,MA,Barnstable,217,218,0.460829493
25003,MA,Berkshire,102,113,10.78431373
25005,MA,Bristol,360,386,7.222222222
25007,MA,Dukes,18,23,27.77777778
25009,MA,Essex,568,572,0.704225352
25011,MA,Franklin,35,33,-5.714285714
25013,MA,Hampden,276,287,3.985507246
25015,MA,Hampshire,88,97,10.22727273
25017,MA,Middlesex,1125,1263,12.26666667
25019,MA,Nantucket,19,18,-5.263157895
25021,MA,Norfolk,425,465,9.411764706
25023,MA,Plymouth,297,300,1.01010101
25025,MA,Suffolk,663,756,14.02714932
25027,MA,Worcester,516,593,14.92248062
26001,MI,Alcona,3,6,100
26003,MI,Alger,6,6,0
26005,MI,Allegan,47,54,14.89361702
26007,MI,Alpena,18,17,-5.555555556
26009,MI,Antrim,11,15,36.36363636
26011,MI,Arenac,14,12,-14.28571429
26013,MI,Baraga,5,6,20
26015,MI,Barry,16,23,43.75
26017,MI,Bay,91,85,-6.593406593
26019,MI,Benzie,7,13,85.71428571
26021,MI,Berrien,99,108,9.090909091
26023,MI,Branch,21,25,19.04761905
26025,MI,Calhoun,98,97,-1.020408163
26027,MI,Cass,16,16,0
26029,MI,Charlevoix,15,16,6.666666667
26031,MI,Cheboygan,10,13,30
26033,MI,Chippewa,25,23,-8
26035,MI,Clare,19,18,-5.263157895
26037,MI,Clinton,33,37,12.12121212
26039,MI,Crawford,9,9,0
26041,MI,Delta,22,30,36.36363636
26043,MI,Dickinson,26,20,-23.07692308
26045,MI,Eaton,66,72,9.090909091
26047,MI,Emmet,28,31,10.71428571
26049,MI,Genesee,293,317,8.19112628
26051,MI,Gladwin,9,8,-11.11111111
26053,MI,Gogebic,11,7,-36.36363636
26055,MI,Grand Traverse,58,81,39.65517241
26057,MI,Gratiot,20,23,15
26059,MI,Hillsdale,18,20,11.11111111
26061,MI,Houghton,23,23,0
26063,MI,Huron,22,29,31.81818182
26065,MI,Ingham,223,240,7.623318386
26067,MI,Ionia,26,30,15.38461539
26069,MI,Iosco,19,18,-5.263157895
26071,MI,Iron,5,8,60
26073,MI,Isabella,43,37,-13.95348837
26075,MI,Jackson,93,91,-2.150537634
26077,MI,Kalamazoo,191,218,14.13612565
26079,MI,Kalkaska,7,9,28.57142857
26081,MI,Kent,414,439,6.038647343
26083,MI,Keweenaw,0,0,0
26085,MI,Lake,4,3,-25
26087,MI,Lapeer,42,41,-2.380952381
26089,MI,Leelanau,6,11,83.33333333
26091,MI,Lenawee,59,54,-8.474576271
26093,MI,Livingston,92,110,19.56521739
26095,MI,Luce,2,3,50
26097,MI,Mackinac,14,15,7.142857143
26099,MI,Macomb,536,577,7.649253731
26101,MI,Manistee,8,9,12.5
26103,MI,Marquette,50,45,-10
26105,MI,Mason,19,20,5.263157895
26107,MI,Mecosta,24,19,-20.83333333
26109,MI,Menominee,11,10,-9.090909091
26111,MI,Midland,54,56,3.703703704
26113,MI,Missaukee,5,5,0
26115,MI,Monroe,92,91,-1.086956522
26117,MI,Montcalm,31,24,-22.58064516
26119,MI,Montmorency,2,3,50
26121,MI,Muskegon,118,130,10.16949153
26123,MI,Newaygo,21,26,23.80952381
26125,MI,Oakland,989,1028,3.943377149
26127,MI,Oceana,10,11,10
26129,MI,Ogemaw,18,17,-5.555555556
26131,MI,Ontonagon,1,0,-100
26133,MI,Osceola,9,8,-11.11111111
26135,MI,Oscoda,5,6,20
26137,MI,Otsego,18,20,11.11111111
26139,MI,Ottawa,136,164,20.58823529
26141,MI,Presque Isle,6,5,-16.66666667
26143,MI,Roscommon,15,18,20
26145,MI,Saginaw,140,150,7.142857143
26147,MI,St. Clair,85,82,-3.529411765
26149,MI,St. Joseph,32,34,6.25
26151,MI,Sanilac,14,16,14.28571429
26153,MI,Schoolcraft,8,8,0
26155,MI,Shiawassee,41,42,2.43902439
26157,MI,Tuscola,17,14,-17.64705882
26159,MI,Van Buren,42,44,4.761904762
26161,MI,Washtenaw,252,288,14.28571429
26163,MI,Wayne,1232,1253,1.704545455
26165,MI,Wexford,24,22,-8.333333333
27001,MN,Aitkin,9,9,0
27003,MN,Anoka,203,216,6.403940887
27005,MN,Becker,19,15,-21.05263158
27007,MN,Beltrami,19,24,26.31578947
27009,MN,Benton,18,18,0
27011,MN,Big Stone,1,3,200
27013,MN,Blue Earth,48,54,12.5
27015,MN,Brown,19,20,5.263157895
27017,MN,Carlton,12,14,16.66666667
27019,MN,Carver,45,54,20
27021,MN,Cass,8,8,0
27023,MN,Chippewa,8,7,-12.5
27025,MN,Chisago,25,27,8
27027,MN,Clay,29,36,24.13793103
27029,MN,Clearwater,3,2,-33.33333333
27031,MN,Cook,6,5,-16.66666667
27033,MN,Cottonwood,8,5,-37.5
27035,MN,Crow Wing,39,39,0
27037,MN,Dakota,256,266,3.90625
27039,MN,Dodge,7,6,-14.28571429
27041,MN,Douglas,28,24,-14.28571429
27043,MN,Faribault,7,8,14.28571429
27045,MN,Fillmore,11,13,18.18181818
27047,MN,Freeborn,24,22,-8.333333333
27049,MN,Goodhue,31,30,-3.225806452
27051,MN,Grant,2,1,-50
27053,MN,Hennepin,904,991,9.623893805
27055,MN,Houston,4,3,-25
27057,MN,Hubbard,10,8,-20
27059,MN,Isanti,15,17,13.33333333
27061,MN,Itasca,14,16,14.28571429
27063,MN,Jackson,6,4,-33.33333333
27065,MN,Kanabec,5,4,-20
27067,MN,Kandiyohi,29,31,6.896551724
27069,MN,Kittson,2,1,-50
27071,MN,Koochiching,7,8,14.28571429
27073,MN,Lac qui Parle,3,2,-33.33333333
27075,MN,Lake,7,7,0
27077,MN,Lake of the Woods,3,2,-33.33333333
27079,MN,Le Sueur,9,5,-44.44444444
27081,MN,Lincoln,3,0,-100
27083,MN,Lyon,21,26,23.80952381
27085,MN,McLeod,23,25,8.695652174
27087,MN,Mahnomen,2,3,50
27089,MN,Marshall,3,2,-33.33333333
27091,MN,Martin,17,15,-11.76470588
27093,MN,Meeker,11,10,-9.090909091
27095,MN,Mille Lacs,10,13,30
27097,MN,Morrison,17,22,29.41176471
27099,MN,Mower,20,21,5
27101,MN,Murray,2,2,0
27103,MN,Nicollet,18,18,0
27105,MN,Nobles,13,9,-30.76923077
27107,MN,Norman,2,1,-50
27109,MN,Olmsted,89,106,19.1011236
27111,MN,Otter Tail,26,31,19.23076923
27113,MN,Pennington,7,5,-28.57142857
27115,MN,Pine,10,14,40
27117,MN,Pipestone,9,8,-11.11111111
27119,MN,Polk,17,18,5.882352941
27121,MN,Pope,3,5,66.66666667
27123,MN,Ramsey,351,386,9.971509972
27125,MN,Red Lake,2,2,0
27127,MN,Redwood,10,10,0
27129,MN,Renville,4,4,0
27131,MN,Rice,34,33,-2.941176471
27133,MN,Rock,8,6,-25
27135,MN,Roseau,8,8,0
27137,MN,St. Louis,103,121,17.47572816
27139,MN,Scott,60,73,21.66666667
27141,MN,Sherburne,48,45,-6.25
27143,MN,Sibley,6,3,-50
27145,MN,Stearns,112,109,-2.678571429
27147,MN,Steele,22,26,18.18181818
27149,MN,Stevens,7,5,-28.57142857
27151,MN,Swift,7,7,0
27153,MN,Todd,10,6,-40
27155,MN,Traverse,2,1,-50
27157,MN,Wabasha,8,11,37.5
27159,MN,Wadena,10,11,10
27161,MN,Waseca,11,11,0
27163,MN,Washington,120,137,14.16666667
27165,MN,Watonwan,6,6,0
27167,MN,Wilkin,1,1,0
27169,MN,Winona,33,33,0
27171,MN,Wright,58,70,20.68965517
27173,MN,Yellow Medicine,6,6,0
28001,MS,Adams,23,31,34.7826087
28003,MS,Alcorn,28,24,-14.28571429
28005,MS,Amite,2,3,50
28007,MS,Attala,10,9,-10
28009,MS,Benton,0,0,0
28011,MS,Bolivar,17,21,23.52941177
28013,MS,Calhoun,5,4,-20
28015,MS,Carroll,2,0,-100
28017,MS,Chickasaw,9,6,-33.33333333
28019,MS,Choctaw,4,4,0
28021,MS,Claiborne,4,6,50
28023,MS,Clarke,5,5,0
28025,MS,Clay,10,10,0
28027,MS,Coahoma,14,15,7.142857143
28029,MS,Copiah,11,17,54.54545455
28031,MS,Covington,12,11,-8.333333333
28033,MS,DeSoto,106,140,32.0754717
28035,MS,Forrest,71,77,8.450704225
28037,MS,Franklin,3,4,33.33333333
28039,MS,George,9,12,33.33333333
28041,MS,Greene,3,3,0
28043,MS,Grenada,22,22,0
28045,MS,Hancock,25,29,16
28047,MS,Harrison,145,170,17.24137931
28049,MS,Hinds,192,234,21.875
28051,MS,Holmes,5,7,40
28053,MS,Humphreys,4,3,-25
28055,MS,Issaquena,0,0,0
28057,MS,Itawamba,11,14,27.27272727
28059,MS,Jackson,78,95,21.7948718
28061,MS,Jasper,4,3,-25
28063,MS,Jefferson,2,0,-100
28065,MS,Jefferson Davis,6,5,-16.66666667
28067,MS,Jones,53,55,3.773584906
28069,MS,Kemper,2,2,0
28071,MS,Lafayette,38,51,34.21052632
28073,MS,Lamar,56,60,7.142857143
28075,MS,Lauderdale,61,69,13.1147541
28077,MS,Lawrence,6,5,-16.66666667
28079,MS,Leake,10,11,10
28081,MS,Lee,78,76,-2.564102564
28083,MS,Leflore,19,20,5.263157895
28085,MS,Lincoln,28,28,0
28087,MS,Lowndes,38,47,23.68421053
28089,MS,Madison,88,111,26.13636364
28091,MS,Marion,19,17,-10.52631579
28093,MS,Marshall,11,14,27.27272727
28095,MS,Monroe,16,20,25
28097,MS,Montgomery,7,6,-14.28571429
28099,MS,Neshoba,20,19,-5
28101,MS,Newton,15,16,6.666666667
28103,MS,Noxubee,5,6,20
28105,MS,Oktibbeha,32,39,21.875
28107,MS,Panola,20,23,15
28109,MS,Pearl River,36,35,-2.777777778
28111,MS,Perry,2,2,0
28113,MS,Pike,32,36,12.5
28115,MS,Pontotoc,14,16,14.28571429
28117,MS,Prentiss,13,16,23.07692308
28119,MS,Quitman,4,5,25
28121,MS,Rankin,125,147,17.6
28123,MS,Scott,19,19,0
28125,MS,Sharkey,5,5,0
28127,MS,Simpson,14,21,50
28129,MS,Smith,5,5,0
28131,MS,Stone,10,13,30
28133,MS,Sunflower,10,15,50
28135,MS,Tallahatchie,7,6,-14.28571429
28137,MS,Tate,14,22,57.14285714
28139,MS,Tippah,9,10,11.11111111
28141,MS,Tishomingo,8,12,50
28143,MS,Tunica,9,10,11.11111111
28145,MS,Union,16,17,6.25
28147,MS,Walthall,7,6,-14.28571429
28149,MS,Warren,36,36,0
28151,MS,Washington,31,38,22.58064516
28153,MS,Wayne,12,12,0
28155,MS,Webster,4,5,25
28157,MS,Wilkinson,4,2,-50
28159,MS,Winston,11,13,18.18181818
28161,MS,Yalobusha,4,6,50
28163,MS,Yazoo,10,12,20
29001,MO,Adair,19,22,15.78947368
29003,MO,Andrew,10,2,-80
29005,MO,Atchison,2,2,0
29007,MO,Audrain,12,13,8.333333333
29009,MO,Barry,12,15,25
29011,MO,Barton,6,6,0
29013,MO,Bates,9,11,22.22222222
29015,MO,Benton,3,5,66.66666667
29017,MO,Bollinger,3,1,-66.66666667
29019,MO,Boone,122,148,21.31147541
29021,MO,Buchanan,71,75,5.633802817
29023,MO,Butler,29,34,17.24137931
29025,MO,Caldwell,2,2,0
29027,MO,Callaway,21,21,0
29029,MO,Camden,30,22,-26.66666667
29031,MO,Cape Girardeau,62,65,4.838709677
29033,MO,Carroll,4,5,25
29035,MO,Carter,3,3,0
29037,MO,Cass,46,62,34.7826087
29039,MO,Cedar,9,10,11.11111111
29041,MO,Chariton,2,1,-50
29043,MO,Christian,42,45,7.142857143
29045,MO,Clark,3,2,-33.33333333
29047,MO,Clay,149,166,11.40939597
29049,MO,Clinton,4,7,75
29051,MO,Cole,58,65,12.06896552
29053,MO,Cooper,16,13,-18.75
29055,MO,Crawford,12,9,-25
29057,MO,Dade,4,4,0
29059,MO,Dallas,10,9,-10
29061,MO,Daviess,5,1,-80
29063,MO,DeKalb,5,4,-20
29065,MO,Dent,6,7,16.66666667
29067,MO,Douglas,5,4,-20
29069,MO,Dunklin,17,15,-11.76470588
29071,MO,Franklin,58,63,8.620689655
29073,MO,Gasconade,8,9,12.5
29075,MO,Gentry,7,2,-71.42857143
29077,MO,Greene,252,260,3.174603175
29079,MO,Grundy,3,3,0
29081,MO,Harrison,4,4,0
29083,MO,Henry,16,16,0
29085,MO,Hickory,2,1,-50
29087,MO,Holt,5,2,-60
29089,MO,Howard,2,4,100
29091,MO,Howell,27,27,0
29093,MO,Iron,1,1,0
29095,MO,Jackson,496,492,-0.806451613
29097,MO,Jasper,106,95,-10.37735849
29099,MO,Jefferson,115,131,13.91304348
29101,MO,Johnson,28,31,10.71428571
29103,MO,Knox,0,0,0
29105,MO,Laclede,25,23,-8
29107,MO,Lafayette,17,18,5.882352941
29109,MO,Lawrence,15,21,40
29111,MO,Lewis,0,3,
29113,MO,Lincoln,19,17,-10.52631579
29115,MO,Linn,6,7,16.66666667
29117,MO,Livingston,5,4,-20
29119,MO,McDonald,5,10,100
29121,MO,Macon,10,7,-30
29123,MO,Madison,6,8,33.33333333
29125,MO,Maries,1,2,100
29127,MO,Marion,19,23,21.05263158
29129,MO,Mercer,1,0,-100
29131,MO,Miller,16,13,-18.75
29133,MO,Mississippi,8,6,-25
29135,MO,Moniteau,8,6,-25
29137,MO,Monroe,2,3,50
29139,MO,Montgomery,5,5,0
29141,MO,Morgan,9,9,0
29143,MO,New Madrid,9,11,22.22222222
29145,MO,Newton,32,26,-18.75
29147,MO,Nodaway,15,12,-20
29149,MO,Oregon,5,5,0
29151,MO,Osage,2,4,100
29153,MO,Ozark,1,1,0
29155,MO,Pemiscot,5,7,40
29157,MO,Perry,14,11,-21.42857143
29159,MO,Pettis,29,28,-3.448275862
29161,MO,Phelps,31,34,9.677419355
29163,MO,Pike,7,9,28.57142857
29165,MO,Platte,59,63,6.779661017
29167,MO,Polk,18,14,-22.22222222
29169,MO,Pulaski,23,22,-4.347826087
29171,MO,Putnam,3,1,-66.66666667
29173,MO,Ralls,1,0,-100
29175,MO,Randolph,13,13,0
29177,MO,Ray,7,8,14.28571429
29179,MO,Reynolds,2,1,-50
29181,MO,Ripley,6,8,33.33333333
29183,MO,St. Charles,259,286,10.42471043
29185,MO,St. Clair,1,1,0
29186,MO,Ste. Genevieve,8,6,-25
29187,MO,St. Francois,41,48,17.07317073
29189,MO,St. Louis,811,837,3.205918619
29195,MO,Saline,14,13,-7.142857143
29197,MO,Schuyler,2,0,-100
29199,MO,Scotland,0,1,
29201,MO,Scott,15,22,46.66666667
29203,MO,Shannon,0,1,
29205,MO,Shelby,1,1,0
29207,MO,Stoddard,14,16,14.28571429
29209,MO,Stone,13,15,15.38461539
29211,MO,Sullivan,2,2,0
29213,MO,Taney,48,61,27.08333333
29215,MO,Texas,10,10,0
29217,MO,Vernon,14,11,-21.42857143
29219,MO,Warren,14,15,7.142857143
29221,MO,Washington,6,8,33.33333333
29223,MO,Wayne,7,5,-28.57142857
29225,MO,Webster,15,21,40
29227,MO,Worth,1,1,0
29229,MO,Wright,7,9,28.57142857
29510,MO,St. Louis,295,283,-4.06779661
30001,MT,Beaverhead,5,9,80
30003,MT,Big Horn,6,2,-66.66666667
30005,MT,Blaine,4,2,-50
30007,MT,Broadwater,1,2,100
30009,MT,Carbon,6,9,50
30011,MT,Carter,0,0,0
30013,MT,Cascade,69,69,0
30015,MT,Chouteau,1,1,0
30017,MT,Custer,9,9,0
30019,MT,Daniels,2,2,0
30021,MT,Dawson,5,3,-40
30023,MT,Deer Lodge,3,3,0
30025,MT,Fallon,2,2,0
30027,MT,Fergus,7,6,-14.28571429
30029,MT,Flathead,69,67,-2.898550725
30031,MT,Gallatin,92,97,5.434782609
30033,MT,Garfield,0,0,0
30035,MT,Glacier,7,7,0
30037,MT,Golden Valley,0,0,0
30039,MT,Granite,4,1,-75
30041,MT,Hill,14,11,-21.42857143
30043,MT,Jefferson,4,4,0
30045,MT,Judith Basin,0,0,0
30047,MT,Lake,19,19,0
30049,MT,Lewis and Clark,47,41,-12.76595745
30051,MT,Liberty,0,0,0
30053,MT,Lincoln,11,8,-27.27272727
30055,MT,McCone,3,1,-66.66666667
30057,MT,Madison,3,1,-66.66666667
30059,MT,Meagher,2,1,-50
30061,MT,Mineral,2,1,-50
30063,MT,Missoula,79,87,10.12658228
30065,MT,Musselshell,2,1,-50
30067,MT,Park,14,14,0
30069,MT,Petroleum,1,0,-100
30071,MT,Phillips,1,3,200
30073,MT,Pondera,3,1,-66.66666667
30075,MT,Powder River,3,1,-66.66666667
30077,MT,Powell,2,4,100
30079,MT,Prairie,0,0,0
30081,MT,Ravalli,20,20,0
30083,MT,Richland,9,11,22.22222222
30085,MT,Roosevelt,4,7,75
30087,MT,Rosebud,4,5,25
30089,MT,Sanders,4,7,75
30091,MT,Sheridan,3,2,-33.33333333
30093,MT,Silver Bow,34,34,0
30095,MT,Stillwater,2,4,100
30097,MT,Sweet Grass,1,0,-100
30099,MT,Teton,0,0,0
30101,MT,Toole,2,2,0
30103,MT,Treasure,0,0,0
30105,MT,Valley,10,11,10
30107,MT,Wheatland,0,1,
30109,MT,Wibaux,1,1,0
30111,MT,Yellowstone,117,111,-5.128205128
31001,NE,Adams,28,36,28.57142857
31003,NE,Antelope,3,5,66.66666667
31005,NE,Arthur,0,0,0
31007,NE,Banner,0,0,0
31009,NE,Blaine,0,0,0
31011,NE,Boone,1,1,0
31013,NE,Box Butte,4,7,75
31015,NE,Boyd,0,0,0
31017,NE,Brown,0,0,0
31019,NE,Buffalo,39,43,10.25641026
31021,NE,Burt,2,1,-50
31023,NE,Butler,2,1,-50
31025,NE,Cass,11,11,0
31027,NE,Cedar,1,2,100
31029,NE,Chase,1,1,0
31031,NE,Cherry,4,4,0
31033,NE,Cheyenne,9,7,-22.22222222
31035,NE,Clay,0,1,
31037,NE,Colfax,3,2,-33.33333333
31039,NE,Cuming,6,6,0
31041,NE,Custer,2,5,150
31043,NE,Dakota,14,14,0
31045,NE,Dawes,7,7,0
31047,NE,Dawson,19,14,-26.31578947
31049,NE,Deuel,0,1,
31051,NE,Dixon,0,0,0
31053,NE,Dodge,30,30,0
31055,NE,Douglas,380,423,11.31578947
31057,NE,Dundy,1,1,0
31059,NE,Fillmore,2,2,0
31061,NE,Franklin,1,0,-100
31063,NE,Frontier,0,0,0
31065,NE,Furnas,2,2,0
31067,NE,Gage,12,12,0
31069,NE,Garden,1,0,-100
31071,NE,Garfield,1,0,-100
31073,NE,Gosper,1,1,0
31075,NE,Grant,0,0,0
31077,NE,Greeley,0,0,0
31079,NE,Hall,40,47,17.5
31081,NE,Hamilton,3,4,33.33333333
31083,NE,Harlan,2,3,50
31085,NE,Hayes,0,0,0
31087,NE,Hitchcock,0,0,0
31089,NE,Holt,5,5,0
31091,NE,Hooker,1,1,0
31093,NE,Howard,1,1,0
31095,NE,Jefferson,4,5,25
31097,NE,Johnson,2,1,-50
31099,NE,Kearney,3,4,33.33333333
31101,NE,Keith,9,8,-11.11111111
31103,NE,Keya Paha,0,0,0
31105,NE,Kimball,2,2,0
31107,NE,Knox,1,3,200
31109,NE,Lancaster,259,299,15.44401544
31111,NE,Lincoln,26,26,0
31113,NE,Logan,0,0,0
31115,NE,Loup,0,0,0
31117,NE,McPherson,0,0,0
31119,NE,Madison,32,30,-6.25
31121,NE,Merrick,5,4,-20
31123,NE,Morrill,4,4,0
31125,NE,Nance,1,2,100
31127,NE,Nemaha,5,4,-20
31129,NE,Nuckolls,1,2,100
31131,NE,Otoe,8,8,0
31133,NE,Pawnee,2,1,-50
31135,NE,Perkins,0,1,
31137,NE,Phelps,8,9,12.5
31139,NE,Pierce,2,3,50
31141,NE,Platte,22,23,4.545454545
31143,NE,Polk,2,2,0
31145,NE,Red Willow,10,11,10
31147,NE,Richardson,5,5,0
31149,NE,Rock,0,0,0
31151,NE,Saline,5,5,0
31153,NE,Sarpy,94,113,20.21276596
31155,NE,Saunders,8,8,0
31157,NE,Scotts Bluff,35,29,-17.14285714
31159,NE,Seward,9,10,11.11111111
31161,NE,Sheridan,4,4,0
31163,NE,Sherman,0,1,
31165,NE,Sioux,0,0,0
31167,NE,Stanton,1,1,0
31169,NE,Thayer,1,2,100
31171,NE,Thomas,0,0,0
31173,NE,Thurston,3,3,0
31175,NE,Valley,3,2,-33.33333333
31177,NE,Washington,12,10,-16.66666667
31179,NE,Wayne,9,9,0
31181,NE,Webster,1,0,-100
31183,NE,Wheeler,0,0,0
31185,NE,York,13,12,-7.692307692
32001,NV,Churchill,12,17,41.66666667
32003,NV,Clark,1586,1867,17.71752837
32005,NV,Douglas,29,31,6.896551724
32007,NV,Elko,35,40,14.28571429
32009,NV,Esmeralda,0,0,0
32011,NV,Eureka,2,2,0
32013,NV,Humboldt,8,12,50
32015,NV,Lander,1,2,100
32017,NV,Lincoln,1,0,-100
32019,NV,Lyon,20,18,-10
32021,NV,Mineral,2,1,-50
32023,NV,Nye,23,26,13.04347826
32027,NV,Pershing,3,3,0
32029,NV,Storey,0,0,0
32031,NV,Washoe,343,361,5.247813411
32033,NV,White Pine,4,4,0
32510,NV,Carson City,49,55,12.24489796
33001,NH,Belknap,48,47,-2.083333333
33003,NH,Carroll,47,46,-2.127659574
33005,NH,Cheshire,45,51,13.33333333
33007,NH,Coos,23,25,8.695652174
33009,NH,Grafton,66,78,18.18181818
33011,NH,Hillsborough,291,273,-6.18556701
33013,NH,Merrimack,102,102,0
33015,NH,Rockingham,304,287,-5.592105263
33017,NH,Strafford,84,81,-3.571428571
33019,NH,Sullivan,24,18,-25
34001,NJ,Atlantic,205,197,-3.902439024
34003,NJ,Bergen,726,783,7.851239669
34005,NJ,Burlington,332,318,-4.21686747
34007,NJ,Camden,374,393,5.080213904
34009,NJ,Cape May,180,170,-5.555555556
34011,NJ,Cumberland,103,93,-9.708737864
34013,NJ,Essex,509,573,12.57367387
34015,NJ,Gloucester,168,198,17.85714286
34017,NJ,Hudson,490,513,4.693877551
34019,NJ,Hunterdon,85,95,11.76470588
34021,NJ,Mercer,266,299,12.40601504
34023,NJ,Middlesex,593,643,8.431703204
34025,NJ,Monmouth,491,524,6.720977597
34027,NJ,Morris,388,398,2.577319588
34029,NJ,Ocean,405,416,2.716049383
34031,NJ,Passaic,342,347,1.461988304
34033,NJ,Salem,33,31,-6.060606061
34035,NJ,Somerset,252,271,7.53968254
34037,NJ,Sussex,84,75,-10.71428571
34039,NJ,Union,339,382,12.68436578
34041,NJ,Warren,79,83,5.063291139
35001,NM,Bernalillo,537,568,5.772811918
35003,NM,Catron,0,0,0
35005,NM,Chaves,39,44,12.82051282
35006,NM,Cibola,14,15,7.142857143
35007,NM,Colfax,11,14,27.27272727
35009,NM,Curry,34,32,-5.882352941
35011,NM,De Baca,2,1,-50
35013,NM,Doña Ana,121,122,0.826446281
35015,NM,Eddy,33,36,9.090909091
35017,NM,Grant,19,20,5.263157895
35019,NM,Guadalupe,2,3,50
35021,NM,Harding,0,0,0
35023,NM,Hidalgo,3,2,-33.33333333
35025,NM,Lea,40,53,32.5
35027,NM,Lincoln,20,17,-15
35028,NM,Los Alamos,8,13,62.5
35029,NM,Luna,16,20,25
35031,NM,McKinley,43,48,11.62790698
35033,NM,Mora,1,0,-100
35035,NM,Otero,36,30,-16.66666667
35037,NM,Quay,7,7,0
35039,NM,Rio Arriba,23,19,-17.39130435
35041,NM,Roosevelt,11,10,-9.090909091
35043,NM,Sandoval,59,67,13.55932203
35045,NM,San Juan,81,99,22.22222222
35047,NM,San Miguel,14,16,14.28571429
35049,NM,Santa Fe,94,110,17.0212766
35051,NM,Sierra,7,6,-14.28571429
35053,NM,Socorro,12,10,-16.66666667
35055,NM,Taos,32,24,-25
35057,NM,Torrance,9,6,-33.33333333
35059,NM,Union,3,2,-33.33333333
35061,NM,Valencia,45,45,0
36001,NY,Albany,313,345,10.22364217
36003,NY,Allegany,21,20,-4.761904762
36005,NY,Bronx,871,963,10.56257176
36007,NY,Broome,167,154,-7.784431138
36009,NY,Cattaraugus,42,41,-2.380952381
36011,NY,Cayuga,49,50,2.040816327
36013,NY,Chautauqua,93,94,1.075268817
36015,NY,Chemung,58,53,-8.620689655
36017,NY,Chenango,18,27,50
36019,NY,Clinton,43,39,-9.302325581
36021,NY,Columbia,35,41,17.14285714
36023,NY,Cortland,31,42,35.48387097
36025,NY,Delaware,30,25,-16.66666667
36027,NY,Dutchess,214,258,20.56074766
36029,NY,Erie,729,746,2.331961591
36031,NY,Essex,23,28,21.73913044
36033,NY,Franklin,29,24,-17.24137931
36035,NY,Fulton,36,42,16.66666667
36037,NY,Genesee,29,35,20.68965517
36039,NY,Greene,32,30,-6.25
36041,NY,Hamilton,4,5,25
36043,NY,Herkimer,38,39,2.631578947
36045,NY,Jefferson,93,102,9.677419355
36047,NY,Kings,1856,2118,14.11637931
36049,NY,Lewis,12,14,16.66666667
36051,NY,Livingston,38,48,26.31578947
36053,NY,Madison,41,44,7.317073171
36055,NY,Monroe,534,561,5.056179775
36057,NY,Montgomery,35,34,-2.857142857
36059,NY,Nassau,1165,1292,10.90128755
36061,NY,New York,2481,2622,5.683192261
36063,NY,Niagara,140,138,-1.428571429
36065,NY,Oneida,136,150,10.29411765
36067,NY,Onondaga,366,415,13.38797814
36069,NY,Ontario,88,94,6.818181818
36071,NY,Orange,251,306,21.9123506
36073,NY,Orleans,18,15,-16.66666667
36075,NY,Oswego,74,84,13.51351351
36077,NY,Otsego,36,35,-2.777777778
36079,NY,Putnam,62,79,27.41935484
36081,NY,Queens,1739,1966,13.05347901
36083,NY,Rensselaer,114,109,-4.385964912
36085,NY,Richmond,298,314,5.369127517
36087,NY,Rockland,258,277,7.364341085
36089,NY,St. Lawrence,57,51,-10.52631579
36091,NY,Saratoga,167,159,-4.790419162
36093,NY,Schenectady,119,127,6.722689076
36095,NY,Schoharie,15,13,-13.33333333
36097,NY,Schuyler,11,10,-9.090909091
36099,NY,Seneca,19,22,15.78947368
36101,NY,Steuben,48,46,-4.166666667
36103,NY,Suffolk,1226,1340,9.298531811
36105,NY,Sullivan,58,53,-8.620689655
36107,NY,Tioga,26,25,-3.846153846
36109,NY,Tompkins,76,79,3.947368421
36111,NY,Ulster,142,141,-0.704225352
36113,NY,Warren,68,66,-2.941176471
36115,NY,Washington,39,32,-17.94871795
36117,NY,Wayne,61,65,6.557377049
36119,NY,Westchester,762,770,1.049868766
36121,NY,Wyoming,21,24,14.28571429
36123,NY,Yates,11,14,27.27272727
37001,NC,Alamance,118,129,9.322033898
37003,NC,Alexander,15,15,0
37005,NC,Alleghany,6,5,-16.66666667
37007,NC,Anson,12,15,25
37009,NC,Ashe,16,19,18.75
37011,NC,Avery,12,12,0
37013,NC,Beaufort,29,35,20.68965517
37015,NC,Bertie,7,12,71.42857143
37017,NC,Bladen,20,27,35
37019,NC,Brunswick,78,97,24.35897436
37021,NC,Buncombe,219,243,10.95890411
37023,NC,Burke,54,56,3.703703704
37025,NC,Cabarrus,132,160,21.21212121
37027,NC,Caldwell,57,54,-5.263157895
37029,NC,Camden,2,2,0
37031,NC,Carteret,57,62,8.771929825
37033,NC,Caswell,6,6,0
37035,NC,Catawba,124,134,8.064516129
37037,NC,Chatham,30,35,16.66666667
37039,NC,Cherokee,20,21,5
37041,NC,Chowan,14,9,-35.71428571
37043,NC,Clay,3,5,66.66666667
37045,NC,Cleveland,65,64,-1.538461538
37047,NC,Columbus,53,46,-13.20754717
37049,NC,Craven,83,73,-12.04819277
37051,NC,Cumberland,248,277,11.69354839
37053,NC,Currituck,26,20,-23.07692308
37055,NC,Dare,63,60,-4.761904762
37057,NC,Davidson,84,90,7.142857143
37059,NC,Davie,22,30,36.36363636
37061,NC,Duplin,29,36,24.13793103
37063,NC,Durham,260,286,10
37065,NC,Edgecombe,27,31,14.81481482
37067,NC,Forsyth,244,287,17.62295082
37069,NC,Franklin,28,28,0
37071,NC,Gaston,149,168,12.75167785
37073,NC,Gates,0,0,0
37075,NC,Graham,4,6,50
37077,NC,Granville,37,33,-10.81081081
37079,NC,Greene,4,5,25
37081,NC,Guilford,404,446,10.3960396
37083,NC,Halifax,43,43,0
37085,NC,Harnett,57,81,42.10526316
37087,NC,Haywood,40,41,2.5
37089,NC,Henderson,62,65,4.838709677
37091,NC,Hertford,17,19,11.76470588
37093,NC,Hoke,13,13,0
37095,NC,Hyde,2,3,50
37097,NC,Iredell,126,150,19.04761905
37099,NC,Jackson,27,33,22.22222222
37101,NC,Johnston,123,122,-0.81300813
37103,NC,Jones,4,3,-25
37105,NC,Lee,46,47,2.173913043
37107,NC,Lenoir,52,51,-1.923076923
37109,NC,Lincoln,52,60,15.38461539
37111,NC,McDowell,26,31,19.23076923
37113,NC,Macon,22,34,54.54545455
37115,NC,Madison,6,13,116.6666667
37117,NC,Martin,17,17,0
37119,NC,Mecklenburg,728,876,20.32967033
37121,NC,Mitchell,10,8,-20
37123,NC,Montgomery,16,18,12.5
37125,NC,Moore,52,66,26.92307692
37127,NC,Nash,77,70,-9.090909091
37129,NC,New Hanover,187,227,21.39037433
37131,NC,Northampton,6,7,16.66666667
37133,NC,Onslow,131,152,16.03053435
37135,NC,Orange,92,100,8.695652174
37137,NC,Pamlico,9,15,66.66666667
37139,NC,Pasquotank,30,36,20
37141,NC,Pender,30,37,23.33333333
37143,NC,Perquimans,4,4,0
37145,NC,Person,27,26,-3.703703704
37147,NC,Pitt,149,165,10.73825503
37149,NC,Polk,9,8,-11.11111111
37151,NC,Randolph,74,74,0
37153,NC,Richmond,25,26,4
37155,NC,Robeson,68,71,4.411764706
37157,NC,Rockingham,59,65,10.16949153
37159,NC,Rowan,72,83,15.27777778
37161,NC,Rutherford,35,33,-5.714285714
37163,NC,Sampson,30,33,10
37165,NC,Scotland,24,23,-4.166666667
37167,NC,Stanly,41,50,21.95121951
37169,NC,Stokes,20,24,20
37171,NC,Surry,59,58,-1.694915254
37173,NC,Swain,18,20,11.11111111
37175,NC,Transylvania,18,19,5.555555556
37177,NC,Tyrrell,2,2,0
37179,NC,Union,125,127,1.6
37181,NC,Vance,31,28,-9.677419355
37183,NC,Wake,793,914,15.25851198
37185,NC,Warren,7,10,42.85714286
37187,NC,Washington,8,9,12.5
37189,NC,Watauga,39,40,2.564102564
37191,NC,Wayne,66,81,22.72727273
37193,NC,Wilkes,32,38,18.75
37195,NC,Wilson,54,58,7.407407407
37197,NC,Yadkin,19,15,-21.05263158
37199,NC,Yancey,8,7,-12.5
38001,ND,Adams,1,0,-100
38003,ND,Barnes,6,8,33.33333333
38005,ND,Benson,0,0,0
38007,ND,Billings,1,0,-100
38009,ND,Bottineau,5,3,-40
38011,ND,Bowman,3,4,33.33333333
38013,ND,Burke,1,0,-100
38015,ND,Burleigh,50,58,16
38017,ND,Cass,112,128,14.28571429
38019,ND,Cavalier,3,2,-33.33333333
38021,ND,Dickey,2,2,0
38023,ND,Divide,0,1,
38025,ND,Dunn,1,1,0
38027,ND,Eddy,1,1,0
38029,ND,Emmons,3,2,-33.33333333
38031,ND,Foster,3,3,0
38033,ND,Golden Valley,1,0,-100
38035,ND,Grand Forks,47,55,17.0212766
38037,ND,Grant,0,0,0
38039,ND,Griggs,1,2,100
38041,ND,Hettinger,1,0,-100
38043,ND,Kidder,1,0,-100
38045,ND,LaMoure,2,1,-50
38047,ND,Logan,0,0,0
38049,ND,McHenry,0,0,0
38051,ND,McIntosh,1,1,0
38053,ND,McKenzie,0,7,
38055,ND,McLean,1,2,100
38057,ND,Mercer,5,6,20
38059,ND,Morton,10,14,40
38061,ND,Mountrail,1,5,400
38063,ND,Nelson,1,1,0
38065,ND,Oliver,0,0,0
38067,ND,Pembina,2,1,-50
38069,ND,Pierce,3,3,0
38071,ND,Ramsey,10,12,20
38073,ND,Ransom,2,3,50
38075,ND,Renville,1,1,0
38077,ND,Richland,12,12,0
38079,ND,Rolette,4,6,50
38081,ND,Sargent,1,1,0
38083,ND,Sheridan,1,0,-100
38085,ND,Sioux,1,1,0
38087,ND,Slope,0,0,0
38089,ND,Stark,19,18,-5.263157895
38091,ND,Steele,0,0,0
38093,ND,Stutsman,15,18,20
38095,ND,Towner,1,1,0
38097,ND,Traill,6,6,0
38099,ND,Walsh,5,3,-40
38101,ND,Ward,44,49,11.36363636
38103,ND,Wells,4,3,-25
38105,ND,Williams,16,30,87.5
39001,OH,Adams,16,20,25
39003,OH,Allen,104,103,-0.961538462
39005,OH,Ashland,31,31,0
39007,OH,Ashtabula,81,87,7.407407407
39009,OH,Athens,64,56,-12.5
39011,OH,Auglaize,37,40,8.108108108
39013,OH,Belmont,52,53,1.923076923
39015,OH,Brown,24,23,-4.166666667
39017,OH,Butler,250,275,10
39019,OH,Carroll,16,16,0
39021,OH,Champaign,23,21,-8.695652174
39023,OH,Clark,109,117,7.339449541
39025,OH,Clermont,131,125,-4.580152672
39027,OH,Clinton,28,32,14.28571429
39029,OH,Columbiana,62,77,24.19354839
39031,OH,Coshocton,22,20,-9.090909091
39033,OH,Crawford,31,30,-3.225806452
39035,OH,Cuyahoga,1077,1123,4.271123491
39037,OH,Darke,30,28,-6.666666667
39039,OH,Defiance,26,27,3.846153846
39041,OH,Delaware,164,176,7.317073171
39043,OH,Erie,75,80,6.666666667
39045,OH,Fairfield,90,99,10
39047,OH,Fayette,35,31,-11.42857143
39049,OH,Franklin,1100,1137,3.363636364
39051,OH,Fulton,25,25,0
39053,OH,Gallia,27,29,7.407407407
39055,OH,Geauga,61,58,-4.918032787
39057,OH,Greene,125,145,16
39059,OH,Guernsey,35,37,5.714285714
39061,OH,Hamilton,629,686,9.06200318
39063,OH,Hancock,60,66,10
39065,OH,Hardin,21,15,-28.57142857
39067,OH,Harrison,8,8,0
39069,OH,Henry,17,19,11.76470588
39071,OH,Highland,24,30,25
39073,OH,Hocking,12,18,50
39075,OH,Holmes,13,15,15.38461539
39077,OH,Huron,44,52,18.18181818
39079,OH,Jackson,25,24,-4
39081,OH,Jefferson,47,46,-2.127659574
39083,OH,Knox,38,40,5.263157895
39085,OH,Lake,190,189,-0.526315789
39087,OH,Lawrence,40,38,-5
39089,OH,Licking,114,130,14.03508772
39091,OH,Logan,31,38,22.58064516
39093,OH,Lorain,197,193,-2.030456853
39095,OH,Lucas,357,388,8.683473389
39097,OH,Madison,24,22,-8.333333333
39099,OH,Mahoning,176,193,9.659090909
39101,OH,Marion,45,48,6.666666667
39103,OH,Medina,112,128,14.28571429
39105,OH,Meigs,16,16,0
39107,OH,Mercer,24,31,29.16666667
39109,OH,Miami,77,82,6.493506494
39111,OH,Monroe,6,8,33.33333333
39113,OH,Montgomery,458,487,6.331877729
39115,OH,Morgan,3,2,-33.33333333
39117,OH,Morrow,15,16,6.666666667
39119,OH,Muskingum,62,62,0
39121,OH,Noble,10,11,10
39123,OH,Ottawa,35,34,-2.857142857
39125,OH,Paulding,11,10,-9.090909091
39127,OH,Perry,17,18,5.882352941
39129,OH,Pickaway,29,36,24.13793103
39131,OH,Pike,21,17,-19.04761905
39133,OH,Portage,112,143,27.67857143
39135,OH,Preble,22,23,4.545454545
39137,OH,Putnam,17,23,35.29411765
39139,OH,Richland,92,91,-1.086956522
39141,OH,Ross,53,55,3.773584906
39143,OH,Sandusky,38,37,-2.631578947
39145,OH,Scioto,61,59,-3.278688525
39147,OH,Seneca,30,30,0
39149,OH,Shelby,28,29,3.571428571
39151,OH,Stark,298,324,8.724832215
39153,OH,Summit,450,449,-0.222222222
39155,OH,Trumbull,142,146,2.816901408
39157,OH,Tuscarawas,76,79,3.947368421
39159,OH,Union,31,29,-6.451612903
39161,OH,Van Wert,16,16,0
39163,OH,Vinton,5,7,40
39165,OH,Warren,128,133,3.90625
39167,OH,Washington,47,48,2.127659574
39169,OH,Wayne,56,77,37.5
39171,OH,Williams,25,28,12
39173,OH,Wood,107,119,11.21495327
39175,OH,Wyandot,14,15,7.142857143
40001,OK,Adair,9,12,33.33333333
40003,OK,Alfalfa,1,3,200
40005,OK,Atoka,6,7,16.66666667
40007,OK,Beaver,0,1,
40009,OK,Beckham,16,16,0
40011,OK,Blaine,5,4,-20
40013,OK,Bryan,30,27,-10
40015,OK,Caddo,12,10,-16.66666667
40017,OK,Canadian,60,83,38.33333333
40019,OK,Carter,32,33,3.125
40021,OK,Cherokee,23,22,-4.347826087
40023,OK,Choctaw,8,7,-12.5
40025,OK,Cimarron,3,1,-66.66666667
40027,OK,Cleveland,197,223,13.19796954
40029,OK,Coal,2,2,0
40031,OK,Comanche,71,93,30.98591549
40033,OK,Cotton,2,2,0
40035,OK,Craig,5,6,20
40037,OK,Creek,35,34,-2.857142857
40039,OK,Custer,19,23,21.05263158
40041,OK,Delaware,13,15,15.38461539
40043,OK,Dewey,0,1,
40045,OK,Ellis,1,1,0
40047,OK,Garfield,41,42,2.43902439
40049,OK,Garvin,16,18,12.5
40051,OK,Grady,20,25,25
40053,OK,Grant,1,0,-100
40055,OK,Greer,1,1,0
40057,OK,Harmon,1,1,0
40059,OK,Harper,1,0,-100
40061,OK,Haskell,5,3,-40
40063,OK,Hughes,10,7,-30
40065,OK,Jackson,20,18,-10
40067,OK,Jefferson,4,3,-25
40069,OK,Johnston,3,4,33.33333333
40071,OK,Kay,31,39,25.80645161
40073,OK,Kingfisher,11,9,-18.18181818
40075,OK,Kiowa,4,3,-25
40077,OK,Latimer,2,2,0
40079,OK,Le Flore,16,18,12.5
40081,OK,Lincoln,18,18,0
40083,OK,Logan,14,14,0
40085,OK,Love,5,5,0
40087,OK,McClain,23,24,4.347826087
40089,OK,McCurtain,11,14,27.27272727
40091,OK,McIntosh,7,8,14.28571429
40093,OK,Major,2,2,0
40095,OK,Marshall,8,9,12.5
40097,OK,Mayes,20,26,30
40099,OK,Murray,10,11,10
40101,OK,Muskogee,53,55,3.773584906
40103,OK,Noble,5,5,0
40105,OK,Nowata,2,2,0
40107,OK,Okfuskee,1,2,100
40109,OK,Oklahoma,649,712,9.707241911
40111,OK,Okmulgee,20,20,0
40113,OK,Osage,20,20,0
40115,OK,Ottawa,15,15,0
40117,OK,Pawnee,7,7,0
40119,OK,Payne,54,68,25.92592593
40121,OK,Pittsburg,29,32,10.34482759
40123,OK,Pontotoc,19,22,15.78947368
40125,OK,Pottawatomie,78,65,-16.66666667
40127,OK,Pushmataha,5,3,-40
40129,OK,Roger Mills,0,0,0
40131,OK,Rogers,45,42,-6.666666667
40133,OK,Seminole,14,15,7.142857143
40135,OK,Sequoyah,18,23,27.77777778
40137,OK,Stephens,21,26,23.80952381
40139,OK,Texas,5,8,60
40141,OK,Tillman,3,4,33.33333333
40143,OK,Tulsa,526,584,11.02661597
40145,OK,Wagoner,24,30,25
40147,OK,Washington,40,34,-15
40149,OK,Washita,3,3,0
40151,OK,Woods,10,9,-10
40153,OK,Woodward,14,15,7.142857143
41001,OR,Baker,7,9,28.57142857
41003,OR,Benton,61,63,3.278688525
41005,OR,Clackamas,243,244,0.411522634
41007,OR,Clatsop,31,37,19.35483871
41009,OR,Columbia,23,27,17.39130435
41011,OR,Coos,32,37,15.625
41013,OR,Crook,10,9,-10
41015,OR,Curry,12,15,25
41017,OR,Deschutes,134,150,11.94029851
41019,OR,Douglas,79,70,-11.39240506
41021,OR,Gilliam,1,1,0
41023,OR,Grant,6,5,-16.66666667
41025,OR,Harney,8,10,25
41027,OR,Hood River,24,24,0
41029,OR,Jackson,154,155,0.649350649
41031,OR,Jefferson,13,12,-7.692307692
41033,OR,Josephine,45,52,15.55555556
41035,OR,Klamath,40,43,7.5
41037,OR,Lake,8,6,-25
41039,OR,Lane,293,315,7.508532423
41041,OR,Lincoln,34,34,0
41043,OR,Linn,62,64,3.225806452
41045,OR,Malheur,23,20,-13.04347826
41047,OR,Marion,210,245,16.66666667
41049,OR,Morrow,1,2,100
41051,OR,Multnomah,675,684,1.333333333
41053,OR,Polk,45,43,-4.444444444
41055,OR,Sherman,1,1,0
41057,OR,Tillamook,14,11,-21.42857143
41059,OR,Umatilla,40,38,-5
41061,OR,Union,16,19,18.75
41063,OR,Wallowa,6,4,-33.33333333
41065,OR,Wasco,20,18,-10
41067,OR,Washington,388,419,7.989690722
41069,OR,Wheeler,0,0,0
41071,OR,Yamhill,55,46,-16.36363636
42001,PA,Adams,61,74,21.31147541
42003,PA,Allegheny,936,1022,9.188034188
42005,PA,Armstrong,30,30,0
42007,PA,Beaver,95,108,13.68421053
42009,PA,Bedford,21,20,-4.761904762
42011,PA,Berks,239,261,9.205020921
42013,PA,Blair,94,99,5.319148936
42015,PA,Bradford,32,33,3.125
42017,PA,Bucks,454,484,6.607929515
42019,PA,Butler,122,111,-9.016393443
42021,PA,Cambria,97,106,9.278350515
42023,PA,Cameron,1,1,0
42025,PA,Carbon,30,29,-3.333333333
42027,PA,Centre,89,105,17.97752809
42029,PA,Chester,334,344,2.994011976
42031,PA,Clarion,19,22,15.78947368
42033,PA,Clearfield,48,48,0
42035,PA,Clinton,21,19,-9.523809524
42037,PA,Columbia,46,58,26.08695652
42039,PA,Crawford,47,40,-14.89361702
42041,PA,Cumberland,157,188,19.74522293
42043,PA,Dauphin,208,232,11.53846154
42045,PA,Delaware,402,431,7.213930348
42047,PA,Elk,17,16,-5.882352941
42049,PA,Erie,172,190,10.46511628
42051,PA,Fayette,90,89,-1.111111111
42053,PA,Forest,1,1,0
42055,PA,Franklin,95,97,2.105263158
42057,PA,Fulton,5,6,20
42059,PA,Greene,22,30,36.36363636
42061,PA,Huntingdon,18,19,5.555555556
42063,PA,Indiana,47,48,2.127659574
42065,PA,Jefferson,28,28,0
42067,PA,Juniata,13,8,-38.46153846
42069,PA,Lackawanna,142,158,11.26760563
42071,PA,Lancaster,307,340,10.74918567
42073,PA,Lawrence,52,51,-1.923076923
42075,PA,Lebanon,81,88,8.641975309
42077,PA,Lehigh,233,252,8.154506438
42079,PA,Luzerne,206,212,2.912621359
42081,PA,Lycoming,66,69,4.545454545
42083,PA,McKean,25,28,12
42085,PA,Mercer,73,75,2.739726027
42087,PA,Mifflin,23,25,8.695652174
42089,PA,Monroe,106,112,5.660377358
42091,PA,Montgomery,619,674,8.885298869
42093,PA,Montour,12,11,-8.333333333
42095,PA,Northampton,195,202,3.58974359
42097,PA,Northumberland,46,61,32.60869565
42099,PA,Perry,21,20,-4.761904762
42101,PA,Philadelphia,1308,1427,9.097859327
42103,PA,Pike,14,23,64.28571429
42105,PA,Potter,4,6,50
42107,PA,Schuylkill,71,71,0
42109,PA,Snyder,23,26,13.04347826
42111,PA,Somerset,34,29,-14.70588235
42113,PA,Sullivan,5,4,-20
42115,PA,Susquehanna,14,23,64.28571429
42117,PA,Tioga,16,22,37.5
42119,PA,Union,19,27,42.10526316
42121,PA,Venango,21,21,0
42123,PA,Warren,16,24,50
42125,PA,Washington,122,136,11.47540984
42127,PA,Wayne,20,26,30
42129,PA,Westmoreland,232,249,7.327586207
42131,PA,Wyoming,11,13,18.18181818
42133,PA,York,285,306,7.368421053
44001,RI,Bristol,29,33,13.79310345
44003,RI,Kent,122,142,16.39344262
44005,RI,Newport,68,76,11.76470588
44007,RI,Providence,455,491,7.912087912
44009,RI,Washington,98,100,2.040816327
45001,SC,Abbeville,10,11,10
45003,SC,Aiken,88,109,23.86363636
45005,SC,Allendale,4,3,-25
45007,SC,Anderson,154,134,-12.98701299
45009,SC,Bamberg,10,14,40
45011,SC,Barnwell,12,15,25
45013,SC,Beaufort,108,108,0
45015,SC,Berkeley,111,108,-2.702702703
45017,SC,Calhoun,4,4,0
45019,SC,Charleston,353,347,-1.699716714
45021,SC,Cherokee,39,38,-2.564102564
45023,SC,Chester,15,12,-20
45025,SC,Chesterfield,22,21,-4.545454545
45027,SC,Clarendon,21,16,-23.80952381
45029,SC,Colleton,25,25,0
45031,SC,Darlington,31,32,3.225806452
45033,SC,Dillon,18,24,33.33333333
45035,SC,Dorchester,76,76,0
45037,SC,Edgefield,8,5,-37.5
45039,SC,Fairfield,7,5,-28.57142857
45041,SC,Florence,109,107,-1.834862385
45043,SC,Georgetown,45,42,-6.666666667
45045,SC,Greenville,394,426,8.121827411
45047,SC,Greenwood,51,55,7.843137255
45049,SC,Hampton,16,13,-18.75
45051,SC,Horry,315,308,-2.222222222
45053,SC,Jasper,18,20,11.11111111
45055,SC,Kershaw,34,42,23.52941177
45057,SC,Lancaster,35,47,34.28571429
45059,SC,Laurens,28,29,3.571428571
45061,SC,Lee,8,9,12.5
45063,SC,Lexington,202,219,8.415841584
45065,SC,McCormick,4,4,0
45067,SC,Marion,15,22,46.66666667
45069,SC,Marlboro,12,10,-16.66666667
45071,SC,Newberry,18,24,33.33333333
45073,SC,Oconee,51,50,-1.960784314
45075,SC,Orangeburg,69,68,-1.449275362
45077,SC,Pickens,86,92,6.976744186
45079,SC,Richland,303,325,7.260726073
45081,SC,Saluda,5,4,-20
45083,SC,Spartanburg,199,221,11.05527638
45085,SC,Sumter,56,65,16.07142857
45087,SC,Union,13,15,15.38461539
45089,SC,Williamsburg,13,11,-15.38461539
45091,SC,York,164,153,-6.707317073
46003,SD,Aurora,2,1,-50
46005,SD,Beadle,12,13,8.333333333
46007,SD,Bennett,1,4,300
46009,SD,Bon Homme,1,0,-100
46011,SD,Brookings,25,25,0
46013,SD,Brown,30,29,-3.333333333
46015,SD,Brule,4,5,25
46017,SD,Buffalo,0,0,0
46019,SD,Butte,5,7,40
46021,SD,Campbell,0,1,
46023,SD,Charles Mix,7,6,-14.28571429
46025,SD,Clark,0,0,0
46027,SD,Clay,7,9,28.57142857
46029,SD,Codington,19,21,10.52631579
46031,SD,Corson,0,0,0
46033,SD,Custer,6,4,-33.33333333
46035,SD,Davison,14,18,28.57142857
46037,SD,Day,4,4,0
46039,SD,Deuel,1,0,-100
46041,SD,Dewey,1,0,-100
46043,SD,Douglas,0,1,
46045,SD,Edmunds,1,1,0
46047,SD,Fall River,8,6,-25
46049,SD,Faulk,0,1,
46051,SD,Grant,7,5,-28.57142857
46053,SD,Gregory,0,0,0
46055,SD,Haakon,1,1,0
46057,SD,Hamlin,0,0,0
46059,SD,Hand,2,2,0
46061,SD,Hanson,0,0,0
46063,SD,Harding,0,0,0
46065,SD,Hughes,11,14,27.27272727
46067,SD,Hutchinson,2,2,0
46069,SD,Hyde,0,0,0
46071,SD,Jackson,1,3,200
46073,SD,Jerauld,0,1,
46075,SD,Jones,1,2,100
46077,SD,Kingsbury,0,0,0
46079,SD,Lake,5,6,20
46081,SD,Lawrence,22,24,9.090909091
46083,SD,Lincoln,17,20,17.64705882
46085,SD,Lyman,1,2,100
46087,SD,McCook,1,1,0
46089,SD,McPherson,0,0,0
46091,SD,Marshall,0,3,
46093,SD,Meade,8,8,0
46095,SD,Mellette,1,1,0
46097,SD,Miner,3,2,-33.33333333
46099,SD,Minnehaha,126,150,19.04761905
46101,SD,Moody,3,2,-33.33333333
46103,SD,Pennington,83,94,13.25301205
46105,SD,Perkins,1,0,-100
46107,SD,Potter,1,1,0
46109,SD,Roberts,8,4,-50
46111,SD,Sanborn,2,2,0
46113,SD,Shannon,2,2,0
46115,SD,Spink,2,4,100
46117,SD,Stanley,1,2,100
46119,SD,Sully,0,0,0
46121,SD,Todd,1,2,100
46123,SD,Tripp,4,4,0
46125,SD,Turner,2,1,-50
46127,SD,Union,6,6,0
46129,SD,Walworth,6,8,33.33333333
46135,SD,Yankton,17,19,11.76470588
46137,SD,Ziebach,0,1,
47001,TN,Anderson,60,63,5
47003,TN,Bedford,23,24,4.347826087
47005,TN,Benton,7,7,0
47007,TN,Bledsoe,1,0,-100
47009,TN,Blount,63,64,1.587301587
47011,TN,Bradley,68,75,10.29411765
47013,TN,Campbell,24,28,16.66666667
47015,TN,Cannon,4,5,25
47017,TN,Carroll,14,12,-14.28571429
47019,TN,Carter,30,32,6.666666667
47021,TN,Cheatham,18,18,0
47023,TN,Chester,10,11,10
47025,TN,Claiborne,14,16,14.28571429
47027,TN,Clay,3,5,66.66666667
47029,TN,Cocke,18,15,-16.66666667
47031,TN,Coffee,37,44,18.91891892
47033,TN,Crockett,5,5,0
47035,TN,Cumberland,30,35,16.66666667
47037,TN,Davidson,574,682,18.81533101
47039,TN,Decatur,4,6,50
47041,TN,DeKalb,7,6,-14.28571429
47043,TN,Dickson,32,39,21.875
47045,TN,Dyer,22,23,4.545454545
47047,TN,Fayette,11,12,9.090909091
47049,TN,Fentress,7,8,14.28571429
47051,TN,Franklin,15,22,46.66666667
47053,TN,Gibson,29,29,0
47055,TN,Giles,20,22,10
47057,TN,Grainger,6,3,-50
47059,TN,Greene,44,43,-2.272727273
47061,TN,Grundy,6,5,-16.66666667
47063,TN,Hamblen,55,55,0
47065,TN,Hamilton,300,328,9.333333333
47067,TN,Hancock,2,1,-50
47069,TN,Hardeman,8,8,0
47071,TN,Hardin,12,12,0
47073,TN,Hawkins,32,27,-15.625
47075,TN,Haywood,11,12,9.090909091
47077,TN,Henderson,18,17,-5.555555556
47079,TN,Henry,25,23,-8
47081,TN,Hickman,5,6,20
47083,TN,Houston,5,7,40
47085,TN,Humphreys,12,13,8.333333333
47087,TN,Jackson,3,2,-33.33333333
47089,TN,Jefferson,28,34,21.42857143
47091,TN,Johnson,9,9,0
47093,TN,Knox,347,424,22.19020173
47095,TN,Lake,2,3,50
47097,TN,Lauderdale,11,9,-18.18181818
47099,TN,Lawrence,27,29,7.407407407
47101,TN,Lewis,7,9,28.57142857
47103,TN,Lincoln,18,19,5.555555556
47105,TN,Loudon,31,42,35.48387097
47107,TN,McMinn,36,34,-5.555555556
47109,TN,McNairy,13,15,15.38461539
47111,TN,Macon,8,11,37.5
47113,TN,Madison,76,84,10.52631579
47115,TN,Marion,14,21,50
47117,TN,Marshall,19,22,15.78947368
47119,TN,Maury,70,79,12.85714286
47121,TN,Meigs,4,1,-75
47123,TN,Monroe,25,28,12
47125,TN,Montgomery,116,127,9.482758621
47127,TN,Moore,2,2,0
47129,TN,Morgan,3,4,33.33333333
47131,TN,Obion,22,20,-9.090909091
47133,TN,Overton,8,12,50
47135,TN,Perry,3,3,0
47137,TN,Pickett,6,3,-50
47139,TN,Polk,6,4,-33.33333333
47141,TN,Putnam,47,68,44.68085106
47143,TN,Rhea,19,20,5.263157895
47145,TN,Roane,30,32,6.666666667
47147,TN,Robertson,35,53,51.42857143
47149,TN,Rutherford,171,239,39.76608187
47151,TN,Scott,16,14,-12.5
47153,TN,Sequatchie,7,9,28.57142857
47155,TN,Sevier,84,111,32.14285714
47157,TN,Shelby,678,718,5.899705015
47159,TN,Smith,8,10,25
47161,TN,Stewart,8,5,-37.5
47163,TN,Sullivan,140,150,7.142857143
47165,TN,Sumner,92,100,8.695652174
47167,TN,Tipton,22,23,4.545454545
47169,TN,Trousdale,3,3,0
47171,TN,Unicoi,10,12,20
47173,TN,Union,4,3,-25
47175,TN,Van Buren,0,0,0
47177,TN,Warren,23,23,0
47179,TN,Washington,105,104,-0.952380952
47181,TN,Wayne,3,5,66.66666667
47183,TN,Weakley,20,22,10
47185,TN,White,15,16,6.666666667
47187,TN,Williamson,149,181,21.47651007
47189,TN,Wilson,82,91,10.97560976
48001,TX,Anderson,18,23,27.77777778
48003,TX,Andrews,9,10,11.11111111
48005,TX,Angelina,61,71,16.39344262
48007,TX,Aransas,12,17,41.66666667
48009,TX,Archer,3,4,33.33333333
48011,TX,Armstrong,1,2,100
48013,TX,Atascosa,24,20,-16.66666667
48015,TX,Austin,14,17,21.42857143
48017,TX,Bailey,3,4,33.33333333
48019,TX,Bandera,9,9,0
48021,TX,Bastrop,40,38,-5
48023,TX,Baylor,3,3,0
48025,TX,Bee,13,16,23.07692308
48027,TX,Bell,206,236,14.5631068
48029,TX,Bexar,1248,1381,10.65705128
48031,TX,Blanco,9,10,11.11111111
48033,TX,Borden,0,0,0
48035,TX,Bosque,6,10,66.66666667
48037,TX,Bowie,85,98,15.29411765
48039,TX,Brazoria,178,216,21.34831461
48041,TX,Brazos,165,186,12.72727273
48043,TX,Brewster,7,8,14.28571429
48045,TX,Briscoe,0,0,0
48047,TX,Brooks,8,6,-25
48049,TX,Brown,33,33,0
48051,TX,Burleson,11,9,-18.18181818
48053,TX,Burnet,29,32,10.34482759
48055,TX,Caldwell,21,22,4.761904762
48057,TX,Calhoun,12,15,25
48059,TX,Callahan,10,11,10
48061,TX,Cameron,210,248,18.0952381
48063,TX,Camp,4,8,100
48065,TX,Carson,5,4,-20
48067,TX,Cass,15,17,13.33333333
48069,TX,Castro,5,6,20
48071,TX,Chambers,17,29,70.58823529
48073,TX,Cherokee,28,27,-3.571428571
48075,TX,Childress,6,6,0
48077,TX,Clay,3,3,0
48079,TX,Cochran,0,0,0
48081,TX,Coke,0,1,
48083,TX,Coleman,4,7,75
48085,TX,Collin,596,803,34.73154362
48087,TX,Collingsworth,3,5,66.66666667
48089,TX,Colorado,15,16,6.666666667
48091,TX,Comal,81,95,17.28395062
48093,TX,Comanche,7,7,0
48095,TX,Concho,2,2,0
48097,TX,Cooke,16,20,25
48099,TX,Coryell,32,34,6.25
48101,TX,Cottle,2,1,-50
48103,TX,Crane,2,4,100
48105,TX,Crockett,5,5,0
48107,TX,Crosby,1,1,0
48109,TX,Culberson,3,2,-33.33333333
48111,TX,Dallam,4,6,50
48113,TX,Dallas,1848,2218,20.02164502
48115,TX,Dawson,14,10,-28.57142857
48117,TX,Deaf Smith,15,11,-26.66666667
48119,TX,Delta,3,1,-66.66666667
48121,TX,Denton,411,583,41.84914842
48123,TX,DeWitt,18,16,-11.11111111
48125,TX,Dickens,2,2,0
48127,TX,Dimmit,7,6,-14.28571429
48129,TX,Donley,6,4,-33.33333333
48131,TX,Duval,4,5,25
48133,TX,Eastland,18,15,-16.66666667
48135,TX,Ector,107,112,4.672897196
48137,TX,Edwards,1,1,0
48139,TX,Ellis,84,109,29.76190476
48141,TX,El Paso,525,601,14.47619048
48143,TX,Erath,32,32,0
48145,TX,Falls,8,5,-37.5
48147,TX,Fannin,15,13,-13.33333333
48149,TX,Fayette,18,20,11.11111111
48151,TX,Fisher,1,1,0
48153,TX,Floyd,4,5,25
48155,TX,Foard,2,2,0
48157,TX,Fort Bend,340,461,35.58823529
48159,TX,Franklin,4,4,0
48161,TX,Freestone,12,12,0
48163,TX,Frio,16,11,-31.25
48165,TX,Gaines,7,11,57.14285714
48167,TX,Galveston,204,244,19.60784314
48169,TX,Garza,6,6,0
48171,TX,Gillespie,15,13,-13.33333333
48173,TX,Glasscock,0,1,
48175,TX,Goliad,4,3,-25
48177,TX,Gonzales,17,15,-11.76470588
48179,TX,Gray,12,13,8.333333333
48181,TX,Grayson,81,90,11.11111111
48183,TX,Gregg,118,129,9.322033898
48185,TX,Grimes,9,9,0
48187,TX,Guadalupe,64,71,10.9375
48189,TX,Hale,19,22,15.78947368
48191,TX,Hall,4,3,-25
48193,TX,Hamilton,7,8,14.28571429
48195,TX,Hansford,3,4,33.33333333
48197,TX,Hardeman,3,3,0
48199,TX,Hardin,34,40,17.64705882
48201,TX,Harris,2825,3419,21.02654867
48203,TX,Harrison,37,37,0
48205,TX,Hartley,1,1,0
48207,TX,Haskell,4,7,75
48209,TX,Hays,114,145,27.19298246
48211,TX,Hemphill,2,3,50
48213,TX,Henderson,46,60,30.43478261
48215,TX,Hidalgo,366,390,6.557377049
48217,TX,Hill,21,24,14.28571429
48219,TX,Hockley,14,13,-7.142857143
48221,TX,Hood,34,45,32.35294118
48223,TX,Hopkins,18,18,0
48225,TX,Houston,14,11,-21.42857143
48227,TX,Howard,25,29,16
48229,TX,Hudspeth,0,0,0
48231,TX,Hunt,43,58,34.88372093
48233,TX,Hutchinson,17,13,-23.52941177
48235,TX,Irion,0,1,
48237,TX,Jack,7,7,0
48239,TX,Jackson,10,11,10
48241,TX,Jasper,20,19,-5
48243,TX,Jeff Davis,1,1,0
48245,TX,Jefferson,171,169,-1.169590643
48247,TX,Jim Hogg,4,4,0
48249,TX,Jim Wells,29,30,3.448275862
48251,TX,Johnson,96,113,17.70833333
48253,TX,Jones,11,8,-27.27272727
48255,TX,Karnes,7,11,57.14285714
48257,TX,Kaufman,61,67,9.836065574
48259,TX,Kendall,27,28,3.703703704
48261,TX,Kenedy,0,0,0
48263,TX,Kent,0,0,0
48265,TX,Kerr,34,45,32.35294118
48267,TX,Kimble,2,5,150
48269,TX,King,0,0,0
48271,TX,Kinney,0,3,
48273,TX,Kleberg,26,24,-7.692307692
48275,TX,Knox,1,2,100
48277,TX,Lamar,30,38,26.66666667
48279,TX,Lamb,6,5,-16.66666667
48281,TX,Lampasas,12,12,0
48283,TX,La Salle,4,8,100
48285,TX,Lavaca,5,9,80
48287,TX,Lee,11,11,0
48289,TX,Leon,12,13,8.333333333
48291,TX,Liberty,44,43,-2.272727273
48293,TX,Limestone,15,13,-13.33333333
48295,TX,Lipscomb,1,1,0
48297,TX,Live Oak,7,10,42.85714286
48299,TX,Llano,18,17,-5.555555556
48301,TX,Loving,0,0,0
48303,TX,Lubbock,262,267,1.908396947
48305,TX,Lynn,3,3,0
48307,TX,McCulloch,6,8,33.33333333
48309,TX,McLennan,195,207,6.153846154
48311,TX,McMullen,0,0,0
48313,TX,Madison,13,22,69.23076923
48315,TX,Marion,8,6,-25
48317,TX,Martin,3,1,-66.66666667
48319,TX,Mason,5,4,-20
48321,TX,Matagorda,24,24,0
48323,TX,Maverick,31,30,-3.225806452
48325,TX,Medina,25,24,-4
48327,TX,Menard,0,1,
48329,TX,Midland,115,120,4.347826087
48331,TX,Milam,16,14,-12.5
48333,TX,Mills,3,3,0
48335,TX,Mitchell,6,6,0
48337,TX,Montague,12,12,0
48339,TX,Montgomery,285,343,20.35087719
48341,TX,Moore,15,11,-26.66666667
48343,TX,Morris,11,10,-9.090909091
48345,TX,Motley,0,1,
48347,TX,Nacogdoches,46,35,-23.91304348
48349,TX,Navarro,22,33,50
48351,TX,Newton,0,1,
48353,TX,Nolan,9,15,66.66666667
48355,TX,Nueces,272,308,13.23529412
48357,TX,Ochiltree,4,3,-25
48359,TX,Oldham,1,2,100
48361,TX,Orange,54,55,1.851851852
48363,TX,Palo Pinto,25,27,8
48365,TX,Panola,6,8,33.33333333
48367,TX,Parker,75,85,13.33333333
48369,TX,Parmer,3,2,-33.33333333
48371,TX,Pecos,10,7,-30
48373,TX,Polk,20,24,20
48375,TX,Potter,118,122,3.389830508
48377,TX,Presidio,6,8,33.33333333
48379,TX,Rains,7,7,0
48381,TX,Randall,77,80,3.896103896
48383,TX,Reagan,1,2,100
48385,TX,Real,2,3,50
48387,TX,Red River,3,3,0
48389,TX,Reeves,5,6,20
48391,TX,Refugio,10,8,-20
48393,TX,Roberts,0,0,0
48395,TX,Robertson,8,8,0
48397,TX,Rockwall,60,81,35
48399,TX,Runnels,6,4,-33.33333333
48401,TX,Rusk,24,31,29.16666667
48403,TX,Sabine,3,2,-33.33333333
48405,TX,San Augustine,1,2,100
48407,TX,San Jacinto,4,4,0
48409,TX,San Patricio,49,50,2.040816327
48411,TX,San Saba,6,5,-16.66666667
48413,TX,Schleicher,0,0,0
48415,TX,Scurry,18,20,11.11111111
48417,TX,Shackelford,3,2,-33.33333333
48419,TX,Shelby,5,10,100
48421,TX,Sherman,1,2,100
48423,TX,Smith,159,203,27.67295598
48425,TX,Somervell,8,10,25
48427,TX,Starr,29,26,-10.34482759
48429,TX,Stephens,7,5,-28.57142857
48431,TX,Sterling,2,2,0
48433,TX,Stonewall,1,3,200
48435,TX,Sutton,4,2,-50
48437,TX,Swisher,4,2,-50
48439,TX,Tarrant,1277,1626,27.32967894
48441,TX,Taylor,114,128,12.28070175
48443,TX,Terrell,1,1,0
48445,TX,Terry,9,7,-22.22222222
48447,TX,Throckmorton,0,0,0
48449,TX,Titus,20,19,-5
48451,TX,Tom Green,77,93,20.77922078
48453,TX,Travis,840,946,12.61904762
48455,TX,Trinity,5,7,40
48457,TX,Tyler,9,9,0
48459,TX,Upshur,17,19,11.76470588
48461,TX,Upton,4,2,-50
48463,TX,Uvalde,19,24,26.31578947
48465,TX,Val Verde,27,39,44.44444444
48467,TX,Van Zandt,21,32,52.38095238
48469,TX,Victoria,67,74,10.44776119
48471,TX,Walker,35,40,14.28571429
48473,TX,Waller,17,21,23.52941177
48475,TX,Ward,8,6,-25
48477,TX,Washington,29,28,-3.448275862
48479,TX,Webb,150,175,16.66666667
48481,TX,Wharton,29,36,24.13793103
48483,TX,Wheeler,5,4,-20
48485,TX,Wichita,94,102,8.510638298
48487,TX,Wilbarger,12,16,33.33333333
48489,TX,Willacy,7,7,0
48491,TX,Williamson,297,357,20.2020202
48493,TX,Wilson,21,21,0
48495,TX,Winkler,3,3,0
48497,TX,Wise,38,39,2.631578947
48499,TX,Wood,20,14,-30
48501,TX,Yoakum,6,9,50
48503,TX,Young,18,16,-11.11111111
48505,TX,Zapata,6,5,-16.66666667
48507,TX,Zavala,6,3,-50
49001,UT,Beaver,9,10,11.11111111
49003,UT,Box Elder,24,32,33.33333333
49005,UT,Cache,80,92,15
49007,UT,Carbon,16,15,-6.25
49009,UT,Daggett,0,0,0
49011,UT,Davis,198,238,20.2020202
49013,UT,Duchesne,12,13,8.333333333
49015,UT,Emery,7,7,0
49017,UT,Garfield,8,8,0
49019,UT,Grand,14,12,-14.28571429
49021,UT,Iron,39,38,-2.564102564
49023,UT,Juab,9,10,11.11111111
49025,UT,Kane,5,7,40
49027,UT,Millard,13,12,-7.692307692
49029,UT,Morgan,2,3,50
49031,UT,Piute,1,0,-100
49033,UT,Rich,6,8,33.33333333
49035,UT,Salt Lake,849,986,16.13663133
49037,UT,San Juan,4,6,50
49039,UT,Sanpete,15,15,0
49041,UT,Sevier,15,17,13.33333333
49043,UT,Summit,39,42,7.692307692
49045,UT,Tooele,23,27,17.39130435
49047,UT,Uintah,18,16,-11.11111111
49049,UT,Utah,352,403,14.48863636
49051,UT,Wasatch,16,23,43.75
49053,UT,Washington,114,125,9.649122807
49055,UT,Wayne,4,4,0
49057,UT,Weber,155,154,-0.64516129
50001,VT,Addison,16,16,0
50003,VT,Bennington,22,27,22.72727273
50005,VT,Caledonia,13,18,38.46153846
50007,VT,Chittenden,106,110,3.773584906
50009,VT,Essex,1,2,100
50011,VT,Franklin,19,22,15.78947368
50013,VT,Grand Isle,3,1,-66.66666667
50015,VT,Lamoille,16,22,37.5
50017,VT,Orange,7,10,42.85714286
50019,VT,Orleans,11,13,18.18181818
50021,VT,Rutland,44,45,2.272727273
50023,VT,Washington,27,39,44.44444444
50025,VT,Windham,40,40,0
50027,VT,Windsor,29,30,3.448275862
51001,VA,Accomack,19,18,-5.263157895
51003,VA,Albemarle,55,58,5.454545455
51005,VA,Alleghany,8,10,25
51007,VA,Amelia,5,6,20
51009,VA,Amherst,18,19,5.555555556
51011,VA,Appomattox,6,9,50
51013,VA,Arlington,228,227,-0.438596491
51015,VA,Augusta,30,28,-6.666666667
51017,VA,Bath,1,1,0
51019,VA,Bedford,19,15,-21.05263158
51021,VA,Bland,2,2,0
51023,VA,Botetourt,17,20,17.64705882
51025,VA,Brunswick,5,3,-40
51027,VA,Buchanan,9,9,0
51029,VA,Buckingham,1,2,100
51031,VA,Campbell,26,37,42.30769231
51033,VA,Caroline,9,10,11.11111111
51035,VA,Carroll,10,12,20
51036,VA,Charles City,0,0,0
51037,VA,Charlotte,1,3,200
51041,VA,Chesterfield,206,232,12.62135922
51043,VA,Clarke,8,6,-25
51045,VA,Craig,1,0,-100
51047,VA,Culpeper,22,34,54.54545455
51049,VA,Cumberland,0,1,
51051,VA,Dickenson,6,4,-33.33333333
51053,VA,Dinwiddie,7,7,0
51057,VA,Essex,9,11,22.22222222
51059,VA,Fairfax,868,931,7.258064516
51061,VA,Fauquier,43,53,23.25581395
51063,VA,Floyd,5,4,-20
51065,VA,Fluvanna,4,6,50
51067,VA,Franklin,30,27,-10
51069,VA,Frederick,48,45,-6.25
51071,VA,Giles,12,8,-33.33333333
51073,VA,Gloucester,27,24,-11.11111111
51075,VA,Goochland,7,8,14.28571429
51077,VA,Grayson,4,2,-50
51079,VA,Greene,6,9,50
51081,VA,Greensville,2,5,150
51083,VA,Halifax,24,28,16.66666667
51085,VA,Hanover,72,75,4.166666667
51087,VA,Henrico,255,272,6.666666667
51089,VA,Henry,27,29,7.407407407
51091,VA,Highland,0,0,0
51093,VA,Isle of Wight,21,18,-14.28571429
51095,VA,James City,38,35,-7.894736842
51097,VA,King and Queen,0,1,
51099,VA,King George,15,12,-20
51101,VA,King William,7,7,0
51103,VA,Lancaster,9,8,-11.11111111
51105,VA,Lee,6,6,0
51107,VA,Loudoun,230,269,16.95652174
51109,VA,Louisa,9,8,-11.11111111
51111,VA,Lunenburg,2,2,0
51113,VA,Madison,5,5,0
51115,VA,Mathews,4,4,0
51117,VA,Mecklenburg,24,25,4.166666667
51119,VA,Middlesex,6,7,16.66666667
51121,VA,Montgomery,62,72,16.12903226
51125,VA,Nelson,6,5,-16.66666667
51127,VA,New Kent,11,10,-9.090909091
51131,VA,Northampton,13,9,-30.76923077
51133,VA,Northumberland,3,3,0
51135,VA,Nottoway,9,13,44.44444444
51137,VA,Orange,21,26,23.80952381
51139,VA,Page,15,16,6.666666667
51141,VA,Patrick,9,7,-22.22222222
51143,VA,Pittsylvania,13,12,-7.692307692
51145,VA,Powhatan,9,11,22.22222222
51147,VA,Prince Edward,16,14,-12.5
51149,VA,Prince George,9,17,88.88888889
51153,VA,Prince William,273,295,8.058608059
51155,VA,Pulaski,33,34,3.03030303
51157,VA,Rappahannock,1,2,100
51159,VA,Richmond,4,2,-50
51161,VA,Roanoke,47,53,12.76595745
51163,VA,Rockbridge,13,12,-7.692307692
51165,VA,Rockingham,28,30,7.142857143
51167,VA,Russell,17,16,-5.882352941
51169,VA,Scott,14,10,-28.57142857
51171,VA,Shenandoah,24,20,-16.66666667
51173,VA,Smyth,18,20,11.11111111
51175,VA,Southampton,3,4,33.33333333
51177,VA,Spotsylvania,87,88,1.149425287
51179,VA,Stafford,69,79,14.49275362
51181,VA,Surry,1,1,0
51183,VA,Sussex,4,4,0
51185,VA,Tazewell,33,31,-6.060606061
51187,VA,Warren,24,22,-8.333333333
51191,VA,Washington,36,31,-13.88888889
51193,VA,Westmoreland,5,4,-20
51195,VA,Wise,30,26,-13.33333333
51197,VA,Wythe,24,21,-12.5
51199,VA,York,57,57,0
51510,VA,Alexandria,120,125,4.166666667
51515,VA,Bedford,15,8,-46.66666667
51520,VA,Bristol,32,32,0
51530,VA,Buena Vista,5,3,-40
51540,VA,Charlottesville,58,68,17.24137931
51550,VA,Chesapeake,204,193,-5.392156863
51570,VA,Colonial Heights,36,37,2.777777778
51580,VA,Covington,10,9,-10
51590,VA,Danville,60,59,-1.666666667
51595,VA,Emporia,10,9,-10
51600,VA,Fairfax,66,81,22.72727273
51610,VA,Falls Church,38,31,-18.42105263
51620,VA,Franklin,11,13,18.18181818
51630,VA,Fredericksburg,41,47,14.63414634
51640,VA,Galax,12,15,25
51650,VA,Hampton,111,114,2.702702703
51660,VA,Harrisonburg,55,55,0
51670,VA,Hopewell,24,18,-25
51678,VA,Lexington,10,8,-20
51680,VA,Lynchburg,80,87,8.75
51683,VA,Manassas,49,53,8.163265306
51685,VA,Manassas Park,7,6,-14.28571429
51690,VA,Martinsville,22,20,-9.090909091
51700,VA,Newport News,139,155,11.51079137
51710,VA,Norfolk,236,244,3.389830508
51720,VA,Norton,13,14,7.692307692
51730,VA,Petersburg,33,37,12.12121212
51735,VA,Poquoson,7,7,0
51740,VA,Portsmouth,74,78,5.405405405
51750,VA,Radford,12,8,-33.33333333
51760,VA,Richmond,179,188,5.027932961
51770,VA,Roanoke,99,91,-8.080808081
51775,VA,Salem,33,32,-3.03030303
51790,VA,Staunton,17,26,52.94117647
51800,VA,Suffolk,59,63,6.779661017
51810,VA,Virginia Beach,426,440,3.286384977
51820,VA,Waynesboro,24,25,4.166666667
51830,VA,Williamsburg,16,27,68.75
51840,VA,Winchester,48,56,16.66666667
53001,WA,Adams,11,9,-18.18181818
53003,WA,Asotin,10,10,0
53005,WA,Benton,113,114,0.884955752
53007,WA,Chelan,57,55,-3.50877193
53009,WA,Clallam,46,37,-19.56521739
53011,WA,Clark,244,254,4.098360656
53013,WA,Columbia,1,3,200
53015,WA,Cowlitz,56,59,5.357142857
53017,WA,Douglas,16,14,-12.5
53019,WA,Ferry,0,1,
53021,WA,Franklin,42,50,19.04761905
53023,WA,Garfield,0,0,0
53025,WA,Grant,51,50,-1.960784314
53027,WA,Grays Harbor,44,45,2.272727273
53029,WA,Island,38,31,-18.42105263
53031,WA,Jefferson,17,17,0
53033,WA,King,1659,1744,5.123568415
53035,WA,Kitsap,151,151,0
53037,WA,Kittitas,50,47,-6
53039,WA,Klickitat,6,7,16.66666667
53041,WA,Lewis,48,48,0
53043,WA,Lincoln,7,8,14.28571429
53045,WA,Mason,24,23,-4.166666667
53047,WA,Okanogan,21,19,-9.523809524
53049,WA,Pacific,13,13,0
53051,WA,Pend Oreille,3,3,0
53053,WA,Pierce,514,541,5.252918288
53055,WA,San Juan,17,14,-17.64705882
53057,WA,Skagit,82,77,-6.097560976
53059,WA,Skamania,3,4,33.33333333
53061,WA,Snohomish,525,547,4.19047619
53063,WA,Spokane,341,336,-1.46627566
53065,WA,Stevens,22,24,9.090909091
53067,WA,Thurston,166,167,0.602409639
53069,WA,Wahkiakum,2,2,0
53071,WA,Walla Walla,33,32,-3.03030303
53073,WA,Whatcom,128,122,-4.6875
53075,WA,Whitman,32,32,0
53077,WA,Yakima,151,134,-11.25827815
54001,WV,Barbour,7,7,0
54003,WV,Berkeley,59,57,-3.389830508
54005,WV,Boone,7,6,-14.28571429
54007,WV,Braxton,9,9,0
54009,WV,Brooke,19,14,-26.31578947
54011,WV,Cabell,112,99,-11.60714286
54013,WV,Calhoun,1,1,0
54015,WV,Clay,1,0,-100
54017,WV,Doddridge,0,0,0
54019,WV,Fayette,22,23,4.545454545
54021,WV,Gilmer,1,2,100
54023,WV,Grant,3,4,33.33333333
54025,WV,Greenbrier,31,30,-3.225806452
54027,WV,Hampshire,9,7,-22.22222222
54029,WV,Hancock,24,24,0
54031,WV,Hardy,5,6,20
54033,WV,Harrison,56,56,0
54035,WV,Jackson,23,19,-17.39130435
54037,WV,Jefferson,31,29,-6.451612903
54039,WV,Kanawha,186,171,-8.064516129
54041,WV,Lewis,16,17,6.25
54043,WV,Lincoln,6,3,-50
54045,WV,Logan,23,21,-8.695652174
54047,WV,McDowell,8,9,12.5
54049,WV,Marion,46,39,-15.2173913
54051,WV,Marshall,21,22,4.761904762
54053,WV,Mason,11,10,-9.090909091
54055,WV,Mercer,36,30,-16.66666667
54057,WV,Mineral,11,15,36.36363636
54059,WV,Mingo,10,8,-20
54061,WV,Monongalia,90,105,16.66666667
54063,WV,Monroe,1,0,-100
54065,WV,Morgan,4,4,0
54067,WV,Nicholas,18,14,-22.22222222
54069,WV,Ohio,44,45,2.272727273
54071,WV,Pendleton,2,4,100
54073,WV,Pleasants,5,4,-20
54075,WV,Pocahontas,1,2,100
54077,WV,Preston,12,10,-16.66666667
54079,WV,Putnam,53,49,-7.547169811
54081,WV,Raleigh,47,49,4.255319149
54083,WV,Randolph,14,14,0
54085,WV,Ritchie,4,6,50
54087,WV,Roane,6,6,0
54089,WV,Summers,8,4,-50
54091,WV,Taylor,11,10,-9.090909091
54093,WV,Tucker,6,5,-16.66666667
54095,WV,Tyler,3,2,-33.33333333
54097,WV,Upshur,14,13,-7.142857143
54099,WV,Wayne,19,18,-5.263157895
54101,WV,Webster,1,1,0
54103,WV,Wetzel,18,13,-27.77777778
54105,WV,Wirt,3,0,-100
54107,WV,Wood,77,81,5.194805195
54109,WV,Wyoming,7,6,-14.28571429
55001,WI,Adams,9,10,11.11111111
55003,WI,Ashland,11,12,9.090909091
55005,WI,Barron,29,30,3.448275862
55007,WI,Bayfield,8,6,-25
55009,WI,Brown,160,176,10
55011,WI,Buffalo,2,5,150
55013,WI,Burnett,2,3,50
55015,WI,Calumet,20,22,10
55017,WI,Chippewa,28,35,25
55019,WI,Clark,9,12,33.33333333
55021,WI,Columbia,40,33,-17.5
55023,WI,Crawford,7,9,28.57142857
55025,WI,Dane,396,437,10.35353535
55027,WI,Dodge,33,36,9.090909091
55029,WI,Door,15,21,40
55031,WI,Douglas,26,22,-15.38461539
55033,WI,Dunn,19,23,21.05263158
55035,WI,Eau Claire,84,93,10.71428571
55037,WI,Florence,1,2,100
55039,WI,Fond du Lac,68,62,-8.823529412
55041,WI,Forest,3,3,0
55043,WI,Grant,21,23,9.523809524
55045,WI,Green,12,15,25
55047,WI,Green Lake,5,5,0
55049,WI,Iowa,12,14,16.66666667
55051,WI,Iron,3,3,0
55053,WI,Jackson,11,14,27.27272727
55055,WI,Jefferson,42,47,11.90476191
55057,WI,Juneau,7,11,57.14285714
55059,WI,Kenosha,107,113,5.607476636
55061,WI,Kewaunee,5,7,40
55063,WI,La Crosse,84,81,-3.571428571
55065,WI,Lafayette,4,7,75
55067,WI,Langlade,11,11,0
55069,WI,Lincoln,14,15,7.142857143
55071,WI,Manitowoc,35,39,11.42857143
55073,WI,Marathon,73,72,-1.369863014
55075,WI,Marinette,26,27,3.846153846
55077,WI,Marquette,4,6,50
55078,WI,Menominee,0,1,
55079,WI,Milwaukee,586,617,5.290102389
55081,WI,Monroe,19,24,26.31578947
55083,WI,Oconto,15,15,0
55085,WI,Oneida,26,31,19.23076923
55087,WI,Outagamie,115,136,18.26086957
55089,WI,Ozaukee,51,51,0
55091,WI,Pepin,4,6,50
55093,WI,Pierce,17,20,17.64705882
55095,WI,Polk,28,25,-10.71428571
55097,WI,Portage,40,43,7.5
55099,WI,Price,9,5,-44.44444444
55101,WI,Racine,96,116,20.83333333
55103,WI,Richland,8,7,-12.5
55105,WI,Rock,95,115,21.05263158
55107,WI,Rusk,5,4,-20
55109,WI,St. Croix,43,52,20.93023256
55111,WI,Sauk,44,61,38.63636364
55113,WI,Sawyer,8,8,0
55115,WI,Shawano,15,16,6.666666667
55117,WI,Sheboygan,66,67,1.515151515
55119,WI,Taylor,7,7,0
55121,WI,Trempealeau,16,14,-12.5
55123,WI,Vernon,9,10,11.11111111
55125,WI,Vilas,12,14,16.66666667
55127,WI,Walworth,71,71,0
55129,WI,Washburn,7,6,-14.28571429
55131,WI,Washington,73,84,15.06849315
55133,WI,Waukesha,252,267,5.952380952
55135,WI,Waupaca,31,38,22.58064516
55137,WI,Waushara,9,7,-22.22222222
55139,WI,Winnebago,101,97,-3.96039604
55141,WI,Wood,33,40,21.21212121
56001,WY,Albany,31,27,-12.90322581
56003,WY,Big Horn,5,4,-20
56005,WY,Campbell,26,29,11.53846154
56007,WY,Carbon,5,8,60
56009,WY,Converse,9,4,-55.55555556
56011,WY,Crook,4,4,0
56013,WY,Fremont,20,23,15
56015,WY,Goshen,8,9,12.5
56017,WY,Hot Springs,3,7,133.3333333
56019,WY,Johnson,8,7,-12.5
56021,WY,Laramie,72,69,-4.166666667
56023,WY,Lincoln,12,10,-16.66666667
56025,WY,Natrona,58,55,-5.172413793
56027,WY,Niobrara,3,2,-33.33333333
56029,WY,Park,21,15,-28.57142857
56031,WY,Platte,8,3,-62.5
56033,WY,Sheridan,14,23,64.28571429
56035,WY,Sublette,1,2,100
56037,WY,Sweetwater,25,31,24
56039,WY,Teton,27,20,-25.92592593
56041,WY,Uinta,19,17,-10.52631579
56043,WY,Washakie,7,6,-14.28571429
56045,WY,Weston,3,4,33.33333333
